ImagePath,Layer_1_True,Layer_1_ans,Layer_2_True,Layer_2_ans,Layer_3_True,Layer_3_ans,sub_class,subtwo_class,super_class
AS-RESIDUE-E@NP@TFT@Array_B5BJ8UC-1-5.jpg,TFT,TFT,NP,NP,AS-RESIDUE-E,AS-RESIDUE-E,"['NP', 'OP', 'UP', 'INT']","['AS-RESIDUE-E', 'POLYMER', 'M1-ABNORMAL', 'CF DEFECT', 'CF PS DEFORMATION']","['TFT', 'CF']"
CF REPAIR FAIL@NP@CF@CF_B5CG7HE-1-3.jpg,CF,CF,NP,NP,CF REPAIR FAIL,CF REPAIR FAIL,"['NP', 'OP', 'UP', 'INT']","['CF REPAIR FAIL', 'PV-HOLE-T', 'CF PS DEFORMATION', 'GLASS CULLET', 'FIBER']","['CF', 'TFT']"
PV-HOLE-T@NP@TFT@Array_B5931DR-1-3.jpg,TFT,TFT,NP,UP,PV-HOLE-T,POLYMER,"['UP', 'NP', 'INT', 'OP']","['POLYMER', 'PV-HOLE-T', 'CF DEFECT', 'PI SPOT-WITH PAR', 'AS-RESIDUE-E']","['TFT', 'CF']"
ITO-RESIDUE-T@NP@TFT@Array_B51D8NM-1-3.jpg,TFT,TFT,NP,NP,ITO-RESIDUE-T,ITO-RESIDUE-T,"['NP', 'INT', 'OP', 'UP']","['ITO-RESIDUE-T', 'M1-ABNORMAL', 'AS-RESIDUE-E', 'CF PS DEFORMATION', 'PV-HOLE-T']","['TFT', 'CF']"
FIBER@UP@TFT@Cell_B21Z2UG-1-3.jpg,TFT,TFT,UP,UP,FIBER,FIBER,"['UP', 'OP', 'INT', 'NP']","['FIBER', 'POLYMER', 'M1-ABNORMAL', 'ITO-RESIDUE-T', 'GLASS BROKEN']","['TFT', 'CF']"
CF PS DEFORMATION@NP@CF@CF_B4VV1XD-1-3.jpg,CF,CF,NP,NP,CF PS DEFORMATION,CF PS DEFORMATION,"['NP', 'OP', 'INT', 'UP']","['CF PS DEFORMATION', 'CF REPAIR FAIL', 'ITO-RESIDUE-T', 'ESD', 'FIBER']","['CF', 'TFT']"
FIBER@UP@TFT@Cell_BCZP9ZM-2-3.jpg,TFT,TFT,UP,UP,FIBER,FIBER,"['UP', 'OP', 'INT', 'NP']","['FIBER', 'ITO-RESIDUE-T', 'CF PS DEFORMATION', 'M1-ABNORMAL', 'POLYMER']","['TFT', 'CF']"
PI SPOT-WITH PAR@UP@CF@Cell_B52E23E-1-3.jpg,CF,CF,UP,UP,PI SPOT-WITH PAR,PI SPOT-WITH PAR,"['UP', 'INT', 'NP', 'OP']","['PI SPOT-WITH PAR', 'M1-ABNORMAL', 'LIGHT METAL', 'POLYMER', 'GLASS BROKEN']","['CF', 'TFT']"
PI SPOT-WITH PAR@UP@TFT@Cell_H5E52AH-1-3.jpg,TFT,TFT,UP,UP,PI SPOT-WITH PAR,PI SPOT-WITH PAR,"['UP', 'NP', 'OP', 'INT']","['PI SPOT-WITH PAR', 'CF REPAIR FAIL', 'ITO-RESIDUE-T', 'CF PS DEFORMATION', 'AS-RESIDUE-E']","['TFT', 'CF']"
POLYMER@OP@CF@Cell_B4VL8ED-1-3.jpg,CF,CF,OP,OP,POLYMER,POLYMER,"['OP', 'NP', 'INT', 'UP']","['POLYMER', 'CF DEFECT', 'FIBER', 'ITO-RESIDUE-T', 'CF PS DEFORMATION']","['CF', 'TFT']"
AS-RESIDUE-E@NP@TFT@Array_B5867PQ-1-2.jpg,TFT,TFT,NP,NP,AS-RESIDUE-E,AS-RESIDUE-E,"['NP', 'UP', 'INT', 'OP']","['AS-RESIDUE-E', 'M1-ABNORMAL', 'PI SPOT-WITH PAR', 'CF PS DEFORMATION', 'FIBER']","['TFT', 'CF']"
FIBER@OP@CF@Cell_B57D92B-1-3.jpg,CF,CF,OP,OP,FIBER,FIBER,"['OP', 'INT', 'NP', 'UP']","['FIBER', 'POLYMER', 'CF DEFECT', 'ESD', 'PI SPOT-WITH PAR']","['CF', 'TFT']"
GLASS BROKEN@INT@TFT@Cell_5L3B50E9T0SD-1-3.jpg,TFT,TFT,INT,INT,GLASS BROKEN,GLASS BROKEN,"['INT', 'NP', 'UP', 'OP']","['GLASS BROKEN', 'FIBER', 'PV-HOLE-T', 'M1-ABNORMAL', 'ITO-RESIDUE-T']","['TFT', 'CF']"
CF REPAIR FAIL@NP@CF@CF_B60K3SK-1-3.jpg,CF,CF,NP,NP,CF REPAIR FAIL,CF REPAIR FAIL,"['NP', 'OP', 'UP', 'INT']","['CF REPAIR FAIL', 'AS-RESIDUE-E', 'ITO-RESIDUE-T', 'M1-ABNORMAL', 'PV-HOLE-T']","['CF', 'TFT']"
POLYMER@OP@TFT@Cell_B5BL4HF-1-3.jpg,TFT,TFT,OP,OP,POLYMER,POLYMER,"['OP', 'INT', 'UP', 'NP']","['POLYMER', 'CF PS DEFORMATION', 'FIBER', 'GLASS BROKEN', 'ITO-RESIDUE-T']","['TFT', 'CF']"
POLYMER@UP@TFT@Cell_B5D73XS-1-3.jpg,TFT,TFT,UP,UP,POLYMER,PI SPOT-WITH PAR,"['UP', 'NP', 'OP', 'INT']","['PI SPOT-WITH PAR', 'POLYMER', 'PV-HOLE-T', 'CF DEFECT', 'CF PS DEFORMATION']","['TFT', 'CF']"
POLYMER@OP@CF@Cell_B57S1MF-1-3.jpg,CF,CF,OP,OP,POLYMER,POLYMER,"['OP', 'NP', 'INT', 'UP']","['POLYMER', 'CF DEFECT', 'FIBER', 'LIGHT METAL', 'CF REPAIR FAIL']","['CF', 'TFT']"
FIBER@UP@TFT@Cell_B95E3EM-1-3.jpg,TFT,TFT,UP,UP,FIBER,FIBER,"['UP', 'OP', 'INT', 'NP']","['FIBER', 'M1-ABNORMAL', 'ITO-RESIDUE-T', 'CF PS DEFORMATION', 'LIGHT METAL']","['TFT', 'CF']"
PI SPOT-WITH PAR@UP@TFT@Cell_B58Q52T-1-3.jpg,TFT,TFT,UP,UP,PI SPOT-WITH PAR,PI SPOT-WITH PAR,"['UP', 'NP', 'INT', 'OP']","['PI SPOT-WITH PAR', 'AS-RESIDUE-E', 'CF DEFECT', 'ITO-RESIDUE-T', 'ESD']","['TFT', 'CF']"
POLYMER@OP@TFT@Cell_B57S1HN-1-3.jpg,TFT,TFT,OP,OP,POLYMER,POLYMER,"['OP', 'NP', 'UP', 'INT']","['POLYMER', 'PV-HOLE-T', 'PI SPOT-WITH PAR', 'CF DEFECT', 'CF PS DEFORMATION']","['TFT', 'CF']"
PV-HOLE-T@NP@TFT@Array_B4U62GC-1-3.jpg,TFT,TFT,NP,UP,PV-HOLE-T,POLYMER,"['UP', 'OP', 'NP', 'INT']","['POLYMER', 'PI SPOT-WITH PAR', 'FIBER', 'PV-HOLE-T', 'ITO-RESIDUE-T']","['TFT', 'CF']"
ESD@INT@TFT@Cell_B32S1BD-1-1.jpg,TFT,TFT,INT,INT,ESD,ESD,"['INT', 'UP', 'NP', 'OP']","['ESD', 'PV-HOLE-T', 'CF PS DEFORMATION', 'CF REPAIR FAIL', 'POLYMER']","['TFT', 'CF']"
GLASS CULLET@OP@CF@Cell_B5AS4CB-1-3.jpg,CF,CF,OP,OP,GLASS CULLET,GLASS CULLET,"['OP', 'NP', 'UP', 'INT']","['GLASS CULLET', 'FIBER', 'CF DEFECT', 'PI SPOT-WITH PAR', 'CF PS DEFORMATION']","['CF', 'TFT']"
FIBER@OP@CF@Cell_B5B27LC-2-3.jpg,CF,CF,OP,OP,FIBER,FIBER,"['OP', 'UP', 'INT', 'NP']","['FIBER', 'PI SPOT-WITH PAR', 'ITO-RESIDUE-T', 'CF PS DEFORMATION', 'PV-HOLE-T']","['CF', 'TFT']"
AS-RESIDUE-E@NP@TFT@Array_B5868YA-1-5.jpg,TFT,TFT,NP,NP,AS-RESIDUE-E,AS-RESIDUE-E,"['NP', 'INT', 'UP', 'OP']","['AS-RESIDUE-E', 'ITO-RESIDUE-T', 'M1-ABNORMAL', 'LIGHT METAL', 'ESD']","['TFT', 'CF']"
CF DEFECT@NP@CF@CF_B55P0CP-1-3.jpg,CF,CF,NP,NP,CF DEFECT,CF DEFECT,"['NP', 'OP', 'INT', 'UP']","['CF DEFECT', 'FIBER', 'CF PS DEFORMATION', 'ITO-RESIDUE-T', 'PI SPOT-WITH PAR']","['CF', 'TFT']"
CF DEFECT@NP@CF@CF_B59E44Q-1-3.jpg,CF,CF,NP,NP,CF DEFECT,CF DEFECT,"['NP', 'UP', 'INT', 'OP']","['CF DEFECT', 'LIGHT METAL', 'CF REPAIR FAIL', 'AS-RESIDUE-E', 'PI SPOT-WITH PAR']","['CF', 'TFT']"
FIBER@OP@CF@Cell_B5581MH-1-3.jpg,CF,CF,OP,OP,FIBER,FIBER,"['OP', 'INT', 'NP', 'UP']","['FIBER', 'PV-HOLE-T', 'POLYMER', 'CF DEFECT', 'GLASS BROKEN']","['CF', 'TFT']"
POLYMER@OP@TFT@Cell_B4X02WE-1-3.jpg,TFT,TFT,OP,OP,POLYMER,POLYMER,"['OP', 'INT', 'UP', 'NP']","['POLYMER', 'FIBER', 'CF PS DEFORMATION', 'CF REPAIR FAIL', 'GLASS BROKEN']","['TFT', 'CF']"
PI SPOT-WITH PAR@UP@CF@Cell_B63A1DE-1-3.jpg,CF,CF,UP,UP,PI SPOT-WITH PAR,PI SPOT-WITH PAR,"['UP', 'OP', 'NP', 'INT']","['PI SPOT-WITH PAR', 'POLYMER', 'CF DEFECT', 'CF REPAIR FAIL', 'LIGHT METAL']","['CF', 'TFT']"
CF DEFECT@NP@CF@CF_B61V4MF-1-3.jpg,CF,CF,NP,NP,CF DEFECT,CF REPAIR FAIL,"['NP', 'OP', 'UP', 'INT']","['CF REPAIR FAIL', 'CF DEFECT', 'PI SPOT-WITH PAR', 'GLASS CULLET', 'CF PS DEFORMATION']","['CF', 'TFT']"
CF PS DEFORMATION@NP@CF@CF_7D3B5370G0CB-1-3.jpg,CF,CF,NP,NP,CF PS DEFORMATION,CF PS DEFORMATION,"['NP', 'OP', 'UP', 'INT']","['CF PS DEFORMATION', 'GLASS CULLET', 'FIBER', 'GLASS BROKEN', 'PI SPOT-WITH PAR']","['CF', 'TFT']"
POLYMER@UP@TFT@Cell_B56H6FL-1-3.jpg,TFT,TFT,UP,UP,POLYMER,POLYMER,"['UP', 'OP', 'NP', 'INT']","['POLYMER', 'PV-HOLE-T', 'CF DEFECT', 'CF REPAIR FAIL', 'CF PS DEFORMATION']","['TFT', 'CF']"
CF REPAIR FAIL@NP@CF@CF_B61V3DG-1-3.jpg,CF,CF,NP,NP,CF REPAIR FAIL,CF REPAIR FAIL,"['NP', 'UP', 'INT', 'OP']","['CF REPAIR FAIL', 'CF DEFECT', 'PI SPOT-WITH PAR', 'CF PS DEFORMATION', 'PV-HOLE-T']","['CF', 'TFT']"
FIBER@UP@TFT@Cell_B4UM8SC-1-3.jpg,TFT,TFT,UP,UP,FIBER,FIBER,"['UP', 'OP', 'INT', 'NP']","['FIBER', 'POLYMER', 'M1-ABNORMAL', 'PI SPOT-WITH PAR', 'LIGHT METAL']","['TFT', 'CF']"
CF REPAIR FAIL@NP@CF@CF_B5AY2QA-1-3.jpg,CF,CF,NP,NP,CF REPAIR FAIL,CF REPAIR FAIL,"['NP', 'OP', 'UP', 'INT']","['CF REPAIR FAIL', 'CF PS DEFORMATION', 'PV-HOLE-T', 'GLASS CULLET', 'LIGHT METAL']","['CF', 'TFT']"
AS-RESIDUE-E@NP@TFT@Array_B66C6LP-1-4.jpg,TFT,TFT,NP,NP,AS-RESIDUE-E,AS-RESIDUE-E,"['NP', 'UP', 'INT', 'OP']","['AS-RESIDUE-E', 'M1-ABNORMAL', 'PV-HOLE-T', 'PI SPOT-WITH PAR', 'FIBER']","['TFT', 'CF']"
LIGHT METAL@UP@CF@Cell_H4CZ0QC-1-3.jpg,CF,CF,UP,UP,LIGHT METAL,LIGHT METAL,"['UP', 'INT', 'NP', 'OP']","['LIGHT METAL', 'CF PS DEFORMATION', 'FIBER', 'PI SPOT-WITH PAR', 'M1-ABNORMAL']","['CF', 'TFT']"
CF PS DEFORMATION@NP@CF@CF_B4VE8EA-1-3.jpg,CF,CF,NP,NP,CF PS DEFORMATION,CF PS DEFORMATION,"['NP', 'OP', 'UP', 'INT']","['CF PS DEFORMATION', 'FIBER', 'PV-HOLE-T', 'GLASS CULLET', 'ITO-RESIDUE-T']","['CF', 'TFT']"
GLASS BROKEN@INT@TFT@Cell_B4SL4CH-1-3.jpg,TFT,TFT,INT,INT,GLASS BROKEN,GLASS BROKEN,"['INT', 'UP', 'NP', 'OP']","['GLASS BROKEN', 'ESD', 'CF DEFECT', 'CF PS DEFORMATION', 'LIGHT METAL']","['TFT', 'CF']"
POLYMER@OP@TFT@Cell_B4X00YC-1-3.jpg,TFT,TFT,OP,OP,POLYMER,POLYMER,"['OP', 'UP', 'NP', 'INT']","['POLYMER', 'FIBER', 'PI SPOT-WITH PAR', 'ITO-RESIDUE-T', 'LIGHT METAL']","['TFT', 'CF']"
FIBER@OP@CF@Cell_B5B27LC-1-3.jpg,CF,CF,OP,OP,FIBER,FIBER,"['OP', 'NP', 'INT', 'UP']","['FIBER', 'CF PS DEFORMATION', 'CF DEFECT', 'PV-HOLE-T', 'LIGHT METAL']","['CF', 'TFT']"
ITO-RESIDUE-T@NP@TFT@Array_B4X284T-1-3.jpg,TFT,TFT,NP,UP,ITO-RESIDUE-T,PI SPOT-WITH PAR,"['UP', 'NP', 'OP', 'INT']","['PI SPOT-WITH PAR', 'ITO-RESIDUE-T', 'AS-RESIDUE-E', 'M1-ABNORMAL', 'PV-HOLE-T']","['TFT', 'CF']"
ITO-RESIDUE-T@NP@TFT@Array_B50K1NC-2-3.jpg,TFT,TFT,NP,NP,ITO-RESIDUE-T,ITO-RESIDUE-T,"['NP', 'INT', 'OP', 'UP']","['ITO-RESIDUE-T', 'AS-RESIDUE-E', 'CF PS DEFORMATION', 'POLYMER', 'M1-ABNORMAL']","['TFT', 'CF']"
CF REPAIR FAIL@NP@CF@CF_B4VV1XB-1-3.jpg,CF,CF,NP,NP,CF REPAIR FAIL,CF REPAIR FAIL,"['NP', 'OP', 'INT', 'UP']","['CF REPAIR FAIL', 'CF DEFECT', 'CF PS DEFORMATION', 'M1-ABNORMAL', 'PV-HOLE-T']","['CF', 'TFT']"
CF PS DEFORMATION@NP@CF@CF_B4WZ9JF-1-3.jpg,CF,CF,NP,NP,CF PS DEFORMATION,CF PS DEFORMATION,"['NP', 'OP', 'UP', 'INT']","['CF PS DEFORMATION', 'PV-HOLE-T', 'FIBER', 'AS-RESIDUE-E', 'LIGHT METAL']","['CF', 'TFT']"
POLYMER@UP@TFT@Cell_B4X00QF-1-3.jpg,TFT,TFT,UP,NP,POLYMER,PV-HOLE-T,"['NP', 'UP', 'INT', 'OP']","['PV-HOLE-T', 'PI SPOT-WITH PAR', 'CF PS DEFORMATION', 'FIBER', 'POLYMER']","['TFT', 'CF']"
LIGHT METAL@UP@CF@Cell_B4N61WG-1-3.jpg,CF,CF,UP,UP,LIGHT METAL,LIGHT METAL,"['UP', 'NP', 'INT', 'OP']","['LIGHT METAL', 'CF DEFECT', 'FIBER', 'PV-HOLE-T', 'PI SPOT-WITH PAR']","['CF', 'TFT']"
POLYMER@OP@TFT@Cell_B55E1KF-1-3.jpg,TFT,TFT,OP,OP,POLYMER,POLYMER,"['OP', 'INT', 'NP', 'UP']","['POLYMER', 'FIBER', 'GLASS BROKEN', 'CF PS DEFORMATION', 'ESD']","['TFT', 'CF']"
FIBER@OP@CF@Cell_B58743J-1-3.jpg,CF,CF,OP,OP,FIBER,FIBER,"['OP', 'INT', 'UP', 'NP']","['FIBER', 'LIGHT METAL', 'PV-HOLE-T', 'M1-ABNORMAL', 'ESD']","['CF', 'TFT']"
PI SPOT-WITH PAR@UP@CF@Cell_B92B7RL-1-3.jpg,CF,CF,UP,UP,PI SPOT-WITH PAR,PI SPOT-WITH PAR,"['UP', 'OP', 'INT', 'NP']","['PI SPOT-WITH PAR', 'GLASS CULLET', 'M1-ABNORMAL', 'PV-HOLE-T', 'GLASS BROKEN']","['CF', 'TFT']"
POLYMER@OP@TFT@Cell_B55Q4UA-1-3.jpg,TFT,TFT,OP,OP,POLYMER,POLYMER,"['OP', 'UP', 'NP', 'INT']","['POLYMER', 'PI SPOT-WITH PAR', 'CF DEFECT', 'CF PS DEFORMATION', 'PV-HOLE-T']","['TFT', 'CF']"
ESD@INT@TFT@Cell_B37Y7EC-1-4.jpg,TFT,TFT,INT,INT,ESD,ESD,"['INT', 'NP', 'OP', 'UP']","['ESD', 'M1-ABNORMAL', 'FIBER', 'ITO-RESIDUE-T', 'PV-HOLE-T']","['TFT', 'CF']"
ITO-RESIDUE-T@NP@TFT@Array_B57L7EM-1-3.jpg,TFT,TFT,NP,NP,ITO-RESIDUE-T,ITO-RESIDUE-T,"['NP', 'OP', 'INT', 'UP']","['ITO-RESIDUE-T', 'M1-ABNORMAL', 'AS-RESIDUE-E', 'CF PS DEFORMATION', 'POLYMER']","['TFT', 'CF']"
LIGHT METAL@UP@CF@Cell_B3916EH-1-3.jpg,CF,CF,UP,UP,LIGHT METAL,LIGHT METAL,"['UP', 'NP', 'INT', 'OP']","['LIGHT METAL', 'PI SPOT-WITH PAR', 'CF PS DEFORMATION', 'FIBER', 'PV-HOLE-T']","['CF', 'TFT']"
POLYMER@UP@TFT@Cell_B4RA4RD-1-3.jpg,TFT,TFT,UP,UP,POLYMER,PI SPOT-WITH PAR,"['UP', 'OP', 'NP', 'INT']","['PI SPOT-WITH PAR', 'CF PS DEFORMATION', 'CF DEFECT', 'AS-RESIDUE-E', 'CF REPAIR FAIL']","['TFT', 'CF']"
GLASS BROKEN@INT@TFT@Cell_B4TN2TV-1-2.jpg,TFT,TFT,INT,INT,GLASS BROKEN,GLASS BROKEN,"['INT', 'UP', 'NP', 'OP']","['GLASS BROKEN', 'PI SPOT-WITH PAR', 'CF PS DEFORMATION', 'ESD', 'CF REPAIR FAIL']","['TFT', 'CF']"
GLASS BROKEN@INT@TFT@Cell_HBMQ4AG-1-4.jpg,TFT,TFT,INT,INT,GLASS BROKEN,GLASS BROKEN,"['INT', 'NP', 'UP', 'OP']","['GLASS BROKEN', 'PI SPOT-WITH PAR', 'PV-HOLE-T', 'ITO-RESIDUE-T', 'FIBER']","['TFT', 'CF']"
LIGHT METAL@UP@CF@Cell_H3CJ3JF-1-3.jpg,CF,CF,UP,UP,LIGHT METAL,LIGHT METAL,"['UP', 'NP', 'INT', 'OP']","['LIGHT METAL', 'CF PS DEFORMATION', 'PI SPOT-WITH PAR', 'ITO-RESIDUE-T', 'CF DEFECT']","['CF', 'TFT']"
POLYMER@OP@TFT@Cell_B54C0CJ-1-3.jpg,TFT,TFT,OP,UP,POLYMER,FIBER,"['UP', 'OP', 'INT', 'NP']","['FIBER', 'POLYMER', 'M1-ABNORMAL', 'ITO-RESIDUE-T', 'LIGHT METAL']","['TFT', 'CF']"
POLYMER@OP@CF@Cell_B6214RD-1-3.jpg,CF,CF,OP,OP,POLYMER,POLYMER,"['OP', 'INT', 'NP', 'UP']","['POLYMER', 'FIBER', 'M1-ABNORMAL', 'GLASS CULLET', 'PV-HOLE-T']","['CF', 'TFT']"
ESD@INT@TFT@Cell_B27X01L-1-1.jpg,TFT,TFT,INT,INT,ESD,ESD,"['INT', 'NP', 'OP', 'UP']","['ESD', 'CF REPAIR FAIL', 'CF PS DEFORMATION', 'POLYMER', 'PV-HOLE-T']","['TFT', 'CF']"
POLYMER@OP@CF@Cell_B59E5QM-1-3.jpg,CF,CF,OP,OP,POLYMER,POLYMER,"['OP', 'INT', 'NP', 'UP']","['POLYMER', 'FIBER', 'M1-ABNORMAL', 'CF PS DEFORMATION', 'PI SPOT-WITH PAR']","['CF', 'TFT']"
CF REPAIR FAIL@NP@CF@CF_B61V7DK-1-3.jpg,CF,CF,NP,NP,CF REPAIR FAIL,CF REPAIR FAIL,"['NP', 'OP', 'UP', 'INT']","['CF REPAIR FAIL', 'ITO-RESIDUE-T', 'CF PS DEFORMATION', 'M1-ABNORMAL', 'AS-RESIDUE-E']","['CF', 'TFT']"
POLYMER@UP@TFT@Cell_B5633RM-1-3.jpg,TFT,TFT,UP,UP,POLYMER,POLYMER,"['UP', 'NP', 'INT', 'OP']","['POLYMER', 'AS-RESIDUE-E', 'CF REPAIR FAIL', 'ESD', 'GLASS BROKEN']","['TFT', 'CF']"
GLASS BROKEN@INT@TFT@Cell_B4N98AM-1-4.jpg,TFT,TFT,INT,INT,GLASS BROKEN,GLASS BROKEN,"['INT', 'UP', 'NP', 'OP']","['GLASS BROKEN', 'ESD', 'PI SPOT-WITH PAR', 'PV-HOLE-T', 'CF PS DEFORMATION']","['TFT', 'CF']"
CF DEFECT@NP@CF@CF_B4VF0GF-1-3.jpg,CF,CF,NP,NP,CF DEFECT,CF DEFECT,"['NP', 'OP', 'INT', 'UP']","['CF DEFECT', 'PI SPOT-WITH PAR', 'ITO-RESIDUE-T', 'FIBER', 'ESD']","['CF', 'TFT']"
POLYMER@OP@TFT@Cell_CG3B51K4H0LD-1-3.jpg,TFT,TFT,OP,OP,POLYMER,POLYMER,"['OP', 'UP', 'INT', 'NP']","['POLYMER', 'PI SPOT-WITH PAR', 'LIGHT METAL', 'CF PS DEFORMATION', 'ESD']","['TFT', 'CF']"
LIGHT METAL@UP@CF@Cell_7S3B5AA0Q0AE-1-3.jpg,CF,CF,UP,UP,LIGHT METAL,LIGHT METAL,"['UP', 'NP', 'OP', 'INT']","['LIGHT METAL', 'CF DEFECT', 'POLYMER', 'ITO-RESIDUE-T', 'CF REPAIR FAIL']","['CF', 'TFT']"
CF DEFECT@NP@CF@CF_B4VL0BB-1-3.jpg,CF,CF,NP,NP,CF DEFECT,CF DEFECT,"['NP', 'UP', 'INT', 'OP']","['CF DEFECT', 'POLYMER', 'FIBER', 'ITO-RESIDUE-T', 'GLASS BROKEN']","['CF', 'TFT']"
PV-HOLE-T@NP@TFT@Array_B5BK2BQ-1-3.jpg,TFT,TFT,NP,NP,PV-HOLE-T,PV-HOLE-T,"['NP', 'UP', 'OP', 'INT']","['PV-HOLE-T', 'CF DEFECT', 'ITO-RESIDUE-T', 'PI SPOT-WITH PAR', 'CF PS DEFORMATION']","['TFT', 'CF']"
PI SPOT-WITH PAR@UP@CF@Cell_B52E2GN-1-3.jpg,CF,CF,UP,UP,PI SPOT-WITH PAR,PI SPOT-WITH PAR,"['UP', 'INT', 'OP', 'NP']","['PI SPOT-WITH PAR', 'M1-ABNORMAL', 'LIGHT METAL', 'GLASS BROKEN', 'POLYMER']","['CF', 'TFT']"
CF PS DEFORMATION@NP@CF@CF_B54U6JR-1-3.jpg,CF,CF,NP,NP,CF PS DEFORMATION,CF REPAIR FAIL,"['NP', 'OP', 'INT', 'UP']","['CF REPAIR FAIL', 'CF PS DEFORMATION', 'GLASS CULLET', 'CF DEFECT', 'FIBER']","['CF', 'TFT']"
AS-RESIDUE-E@NP@TFT@Array_B66C6LP-1-3.jpg,TFT,TFT,NP,NP,AS-RESIDUE-E,AS-RESIDUE-E,"['NP', 'UP', 'INT', 'OP']","['AS-RESIDUE-E', 'M1-ABNORMAL', 'PV-HOLE-T', 'ITO-RESIDUE-T', 'FIBER']","['TFT', 'CF']"
POLYMER@UP@TFT@Cell_B51D0AT-1-3.jpg,TFT,TFT,UP,UP,POLYMER,PI SPOT-WITH PAR,"['UP', 'INT', 'OP', 'NP']","['PI SPOT-WITH PAR', 'POLYMER', 'CF PS DEFORMATION', 'M1-ABNORMAL', 'PV-HOLE-T']","['TFT', 'CF']"
LIGHT METAL@UP@CF@Cell_B2419PB-1-3.jpg,CF,CF,UP,UP,LIGHT METAL,LIGHT METAL,"['UP', 'NP', 'OP', 'INT']","['LIGHT METAL', 'CF DEFECT', 'FIBER', 'ITO-RESIDUE-T', 'CF REPAIR FAIL']","['CF', 'TFT']"
POLYMER@OP@CF@Cell_B4X01JF-1-3.jpg,CF,CF,OP,OP,POLYMER,POLYMER,"['OP', 'INT', 'NP', 'UP']","['POLYMER', 'FIBER', 'CF PS DEFORMATION', 'PI SPOT-WITH PAR', 'M1-ABNORMAL']","['CF', 'TFT']"
PI SPOT-WITH PAR@UP@TFT@Cell_B5CG8ST-1-3.jpg,TFT,TFT,UP,UP,PI SPOT-WITH PAR,PI SPOT-WITH PAR,"['UP', 'OP', 'INT', 'NP']","['PI SPOT-WITH PAR', 'POLYMER', 'ITO-RESIDUE-T', 'AS-RESIDUE-E', 'GLASS BROKEN']","['TFT', 'CF']"
POLYMER@UP@TFT@Cell_B4T93PR-1-3.jpg,TFT,TFT,UP,UP,POLYMER,PI SPOT-WITH PAR,"['UP', 'OP', 'NP', 'INT']","['PI SPOT-WITH PAR', 'POLYMER', 'M1-ABNORMAL', 'FIBER', 'PV-HOLE-T']","['TFT', 'CF']"
FIBER@UP@TFT@Cell_B4K48EP-1-3.jpg,TFT,TFT,UP,UP,FIBER,FIBER,"['UP', 'OP', 'INT', 'NP']","['FIBER', 'ITO-RESIDUE-T', 'CF PS DEFORMATION', 'LIGHT METAL', 'M1-ABNORMAL']","['TFT', 'CF']"
POLYMER@UP@TFT@Cell_B51D0AF-2-3.jpg,TFT,TFT,UP,UP,POLYMER,PI SPOT-WITH PAR,"['UP', 'OP', 'NP', 'INT']","['PI SPOT-WITH PAR', 'CF REPAIR FAIL', 'CF PS DEFORMATION', 'AS-RESIDUE-E', 'PV-HOLE-T']","['TFT', 'CF']"
ESD@INT@TFT@Cell_B33W8WK-1-1.jpg,TFT,TFT,INT,INT,ESD,ESD,"['INT', 'NP', 'UP', 'OP']","['ESD', 'PV-HOLE-T', 'ITO-RESIDUE-T', 'CF PS DEFORMATION', 'CF REPAIR FAIL']","['TFT', 'CF']"
M1-ABNORMAL@NP@TFT@Array_B4U14FD-1-3.jpg,TFT,TFT,NP,NP,M1-ABNORMAL,M1-ABNORMAL,"['NP', 'UP', 'INT', 'OP']","['M1-ABNORMAL', 'ITO-RESIDUE-T', 'PI SPOT-WITH PAR', 'FIBER', 'PV-HOLE-T']","['TFT', 'CF']"
PV-HOLE-T@NP@TFT@Array_B4X04UA-1-3.jpg,TFT,TFT,NP,NP,PV-HOLE-T,PV-HOLE-T,"['NP', 'UP', 'OP', 'INT']","['PV-HOLE-T', 'FIBER', 'PI SPOT-WITH PAR', 'CF PS DEFORMATION', 'POLYMER']","['TFT', 'CF']"
M1-ABNORMAL@NP@TFT@Array_BBTC5WG-1-3.jpg,TFT,TFT,NP,NP,M1-ABNORMAL,M1-ABNORMAL,"['NP', 'OP', 'UP', 'INT']","['M1-ABNORMAL', 'PV-HOLE-T', 'ITO-RESIDUE-T', 'AS-RESIDUE-E', 'FIBER']","['TFT', 'CF']"
PI SPOT-WITH PAR@UP@CF@Cell_B28S1PC-1-3.jpg,CF,CF,UP,UP,PI SPOT-WITH PAR,PI SPOT-WITH PAR,"['UP', 'OP', 'NP', 'INT']","['PI SPOT-WITH PAR', 'LIGHT METAL', 'POLYMER', 'GLASS BROKEN', 'M1-ABNORMAL']","['CF', 'TFT']"
GLASS CULLET@OP@CF@Cell_B54J0HC-1-3.jpg,CF,CF,OP,OP,GLASS CULLET,POLYMER,"['OP', 'UP', 'INT', 'NP']","['POLYMER', 'GLASS CULLET', 'FIBER', 'PI SPOT-WITH PAR', 'ESD']","['CF', 'TFT']"
ESD@INT@TFT@Cell_B6091NM-1-4.jpg,TFT,TFT,INT,NP,ESD,AS-RESIDUE-E,"['NP', 'OP', 'UP', 'INT']","['AS-RESIDUE-E', 'CF PS DEFORMATION', 'POLYMER', 'GLASS CULLET', 'CF REPAIR FAIL']","['TFT', 'CF']"
M1-ABNORMAL@NP@TFT@Array_BAX73QE-1-3.jpg,TFT,TFT,NP,NP,M1-ABNORMAL,M1-ABNORMAL,"['NP', 'UP', 'INT', 'OP']","['M1-ABNORMAL', 'PV-HOLE-T', 'POLYMER', 'ITO-RESIDUE-T', 'FIBER']","['TFT', 'CF']"
LIGHT METAL@UP@CF@Cell_B38N2AB-1-3.jpg,CF,CF,UP,UP,LIGHT METAL,LIGHT METAL,"['UP', 'INT', 'NP', 'OP']","['LIGHT METAL', 'FIBER', 'PV-HOLE-T', 'PI SPOT-WITH PAR', 'GLASS BROKEN']","['CF', 'TFT']"
FIBER@OP@CF@Cell_B50Q93M-1-3.jpg,CF,CF,OP,OP,FIBER,FIBER,"['OP', 'INT', 'UP', 'NP']","['FIBER', 'CF PS DEFORMATION', 'PV-HOLE-T', 'GLASS BROKEN', 'ESD']","['CF', 'TFT']"
M1-ABNORMAL@NP@TFT@Array_BAMT9ME-1-3.jpg,TFT,TFT,NP,NP,M1-ABNORMAL,M1-ABNORMAL,"['NP', 'OP', 'UP', 'INT']","['M1-ABNORMAL', 'ITO-RESIDUE-T', 'PV-HOLE-T', 'CF PS DEFORMATION', 'FIBER']","['TFT', 'CF']"
PI SPOT-WITH PAR@UP@CF@Cell_B58P2ZS-1-3.jpg,CF,CF,UP,UP,PI SPOT-WITH PAR,PI SPOT-WITH PAR,"['UP', 'OP', 'NP', 'INT']","['PI SPOT-WITH PAR', 'POLYMER', 'CF DEFECT', 'CF PS DEFORMATION', 'CF REPAIR FAIL']","['CF', 'TFT']"
ITO-RESIDUE-T@NP@TFT@Array_B5AY0AQ-1-3.jpg,TFT,TFT,NP,NP,ITO-RESIDUE-T,ITO-RESIDUE-T,"['NP', 'INT', 'OP', 'UP']","['ITO-RESIDUE-T', 'M1-ABNORMAL', 'AS-RESIDUE-E', 'PV-HOLE-T', 'CF REPAIR FAIL']","['TFT', 'CF']"
M1-ABNORMAL@NP@TFT@Array_BBKP73S-1-3.jpg,TFT,TFT,NP,NP,M1-ABNORMAL,M1-ABNORMAL,"['NP', 'OP', 'UP', 'INT']","['M1-ABNORMAL', 'PV-HOLE-T', 'ITO-RESIDUE-T', 'AS-RESIDUE-E', 'CF PS DEFORMATION']","['TFT', 'CF']"
M1-ABNORMAL@NP@TFT@Array_BBQU1LS-1-3.jpg,TFT,TFT,NP,NP,M1-ABNORMAL,M1-ABNORMAL,"['NP', 'OP', 'UP', 'INT']","['M1-ABNORMAL', 'PV-HOLE-T', 'ITO-RESIDUE-T', 'AS-RESIDUE-E', 'CF PS DEFORMATION']","['TFT', 'CF']"
PI SPOT-WITH PAR@UP@CF@Cell_B51F94Q-1-3.jpg,CF,CF,UP,UP,PI SPOT-WITH PAR,PI SPOT-WITH PAR,"['UP', 'INT', 'OP', 'NP']","['PI SPOT-WITH PAR', 'GLASS CULLET', 'M1-ABNORMAL', 'GLASS BROKEN', 'POLYMER']","['CF', 'TFT']"
PI SPOT-WITH PAR@UP@CF@Cell_B52E2TN-1-3.jpg,CF,CF,UP,UP,PI SPOT-WITH PAR,PI SPOT-WITH PAR,"['UP', 'OP', 'INT', 'NP']","['PI SPOT-WITH PAR', 'POLYMER', 'M1-ABNORMAL', 'GLASS BROKEN', 'GLASS CULLET']","['CF', 'TFT']"
M1-ABNORMAL@NP@TFT@Array_B3774NG-1-3.jpg,TFT,TFT,NP,NP,M1-ABNORMAL,M1-ABNORMAL,"['NP', 'OP', 'UP', 'INT']","['M1-ABNORMAL', 'PV-HOLE-T', 'ITO-RESIDUE-T', 'CF PS DEFORMATION', 'PI SPOT-WITH PAR']","['TFT', 'CF']"
PI SPOT-WITH PAR@UP@TFT@Cell_B5CW1PR-1-3.jpg,TFT,TFT,UP,UP,PI SPOT-WITH PAR,POLYMER,"['UP', 'OP', 'INT', 'NP']","['POLYMER', 'PI SPOT-WITH PAR', 'FIBER', 'ESD', 'M1-ABNORMAL']","['TFT', 'CF']"
GLASS CULLET@OP@CF@Cell_B4WG7QG-1-3.jpg,CF,CF,OP,OP,GLASS CULLET,GLASS CULLET,"['OP', 'INT', 'UP', 'NP']","['GLASS CULLET', 'POLYMER', 'AS-RESIDUE-E', 'ESD', 'PI SPOT-WITH PAR']","['CF', 'TFT']"
PV-HOLE-T@NP@TFT@Array_B59312K-1-3.jpg,TFT,TFT,NP,UP,PV-HOLE-T,PI SPOT-WITH PAR,"['UP', 'OP', 'NP', 'INT']","['PI SPOT-WITH PAR', 'POLYMER', 'CF DEFECT', 'CF PS DEFORMATION', 'M1-ABNORMAL']","['TFT', 'CF']"
GLASS BROKEN@INT@TFT@Cell_B29G6HA-1-4.jpg,TFT,TFT,INT,INT,GLASS BROKEN,GLASS BROKEN,"['INT', 'NP', 'UP', 'OP']","['GLASS BROKEN', 'ESD', 'PI SPOT-WITH PAR', 'CF DEFECT', 'FIBER']","['TFT', 'CF']"
LIGHT METAL@UP@CF@Cell_B4K83FQ-1-3.jpg,CF,CF,UP,UP,LIGHT METAL,LIGHT METAL,"['UP', 'NP', 'INT', 'OP']","['LIGHT METAL', 'ITO-RESIDUE-T', 'POLYMER', 'CF REPAIR FAIL', 'PI SPOT-WITH PAR']","['CF', 'TFT']"
LIGHT METAL@UP@CF@Cell_B24K2CM-1-3.jpg,CF,CF,UP,UP,LIGHT METAL,LIGHT METAL,"['UP', 'NP', 'INT', 'OP']","['LIGHT METAL', 'ITO-RESIDUE-T', 'PI SPOT-WITH PAR', 'FIBER', 'PV-HOLE-T']","['CF', 'TFT']"
FIBER@UP@TFT@Cell_B57J2MH-1-3.jpg,TFT,TFT,UP,UP,FIBER,FIBER,"['UP', 'OP', 'INT', 'NP']","['FIBER', 'M1-ABNORMAL', 'ITO-RESIDUE-T', 'LIGHT METAL', 'PI SPOT-WITH PAR']","['TFT', 'CF']"
POLYMER@UP@TFT@Cell_B57R3AC-1-3.jpg,TFT,TFT,UP,NP,POLYMER,PV-HOLE-T,"['NP', 'UP', 'INT', 'OP']","['PV-HOLE-T', 'CF DEFECT', 'PI SPOT-WITH PAR', 'CF PS DEFORMATION', 'FIBER']","['TFT', 'CF']"
CF DEFECT@NP@CF@CF_B4WZ94E-1-3.jpg,CF,CF,NP,NP,CF DEFECT,CF DEFECT,"['NP', 'OP', 'UP', 'INT']","['CF DEFECT', 'CF REPAIR FAIL', 'PI SPOT-WITH PAR', 'PV-HOLE-T', 'ESD']","['CF', 'TFT']"
CF PS DEFORMATION@NP@CF@CF_B4VV2UA-1-3.jpg,CF,CF,NP,NP,CF PS DEFORMATION,CF PS DEFORMATION,"['NP', 'OP', 'INT', 'UP']","['CF PS DEFORMATION', 'PV-HOLE-T', 'FIBER', 'AS-RESIDUE-E', 'GLASS CULLET']","['CF', 'TFT']"
POLYMER@OP@CF@Cell_B5AR8TA-1-3.jpg,CF,CF,OP,OP,POLYMER,POLYMER,"['OP', 'INT', 'UP', 'NP']","['POLYMER', 'FIBER', 'M1-ABNORMAL', 'PI SPOT-WITH PAR', 'ESD']","['CF', 'TFT']"
AS-RESIDUE-E@NP@TFT@Array_B68P8TJ-1-5.jpg,TFT,TFT,NP,NP,AS-RESIDUE-E,AS-RESIDUE-E,"['NP', 'INT', 'UP', 'OP']","['AS-RESIDUE-E', 'M1-ABNORMAL', 'PV-HOLE-T', 'CF DEFECT', 'FIBER']","['TFT', 'CF']"
LIGHT METAL@UP@CF@Cell_B15C8PC-1-3.jpg,CF,CF,UP,UP,LIGHT METAL,LIGHT METAL,"['UP', 'NP', 'INT', 'OP']","['LIGHT METAL', 'CF DEFECT', 'ITO-RESIDUE-T', 'CF REPAIR FAIL', 'PV-HOLE-T']","['CF', 'TFT']"
POLYMER@OP@TFT@Cell_B52E4BB-1-3.jpg,TFT,TFT,OP,OP,POLYMER,POLYMER,"['OP', 'UP', 'INT', 'NP']","['POLYMER', 'FIBER', 'PI SPOT-WITH PAR', 'CF PS DEFORMATION', 'CF DEFECT']","['TFT', 'CF']"
POLYMER@UP@TFT@Cell_H3M22MA-1-3.jpg,TFT,TFT,UP,UP,POLYMER,PI SPOT-WITH PAR,"['UP', 'NP', 'INT', 'OP']","['PI SPOT-WITH PAR', 'POLYMER', 'PV-HOLE-T', 'AS-RESIDUE-E', 'M1-ABNORMAL']","['TFT', 'CF']"
AS-RESIDUE-E@NP@TFT@Array_B5867PQ-1-4.jpg,TFT,TFT,NP,NP,AS-RESIDUE-E,M1-ABNORMAL,"['NP', 'OP', 'UP', 'INT']","['M1-ABNORMAL', 'AS-RESIDUE-E', 'ITO-RESIDUE-T', 'PV-HOLE-T', 'GLASS CULLET']","['TFT', 'CF']"
ESD@INT@TFT@Cell_7U3B4QZ440KC-1-1.jpg,TFT,TFT,INT,INT,ESD,ESD,"['INT', 'NP', 'UP', 'OP']","['ESD', 'GLASS BROKEN', 'AS-RESIDUE-E', 'CF REPAIR FAIL', 'CF DEFECT']","['TFT', 'CF']"
PV-HOLE-T@NP@TFT@Array_B4WZ8LC-1-3.jpg,TFT,TFT,NP,OP,PV-HOLE-T,POLYMER,"['OP', 'UP', 'INT', 'NP']","['POLYMER', 'PI SPOT-WITH PAR', 'FIBER', 'LIGHT METAL', 'CF DEFECT']","['TFT', 'CF']"
POLYMER@UP@TFT@Cell_B5CR9NS-1-3.jpg,TFT,TFT,UP,UP,POLYMER,PI SPOT-WITH PAR,"['UP', 'NP', 'INT', 'OP']","['PI SPOT-WITH PAR', 'FIBER', 'M1-ABNORMAL', 'GLASS BROKEN', 'CF DEFECT']","['TFT', 'CF']"
POLYMER@UP@TFT@Cell_B4MA9YD-1-3.jpg,TFT,TFT,UP,UP,POLYMER,PI SPOT-WITH PAR,"['UP', 'NP', 'INT', 'OP']","['PI SPOT-WITH PAR', 'POLYMER', 'ITO-RESIDUE-T', 'M1-ABNORMAL', 'AS-RESIDUE-E']","['TFT', 'CF']"
POLYMER@OP@CF@Cell_B6214RH-1-3.jpg,CF,CF,OP,OP,POLYMER,POLYMER,"['OP', 'INT', 'NP', 'UP']","['POLYMER', 'FIBER', 'M1-ABNORMAL', 'PV-HOLE-T', 'CF DEFECT']","['CF', 'TFT']"
M1-ABNORMAL@NP@TFT@Array_B62W3NA-1-3.jpg,TFT,TFT,NP,NP,M1-ABNORMAL,M1-ABNORMAL,"['NP', 'OP', 'UP', 'INT']","['M1-ABNORMAL', 'PV-HOLE-T', 'ITO-RESIDUE-T', 'CF PS DEFORMATION', 'AS-RESIDUE-E']","['TFT', 'CF']"
LIGHT METAL@UP@CF@Cell_B4QS23N-1-3.jpg,CF,CF,UP,UP,LIGHT METAL,LIGHT METAL,"['UP', 'NP', 'INT', 'OP']","['LIGHT METAL', 'PI SPOT-WITH PAR', 'FIBER', 'PV-HOLE-T', 'M1-ABNORMAL']","['CF', 'TFT']"
PI SPOT-WITH PAR@UP@CF@Cell_B52F1DL-1-3.jpg,CF,CF,UP,UP,PI SPOT-WITH PAR,PI SPOT-WITH PAR,"['UP', 'INT', 'OP', 'NP']","['PI SPOT-WITH PAR', 'GLASS BROKEN', 'POLYMER', 'LIGHT METAL', 'FIBER']","['CF', 'TFT']"
POLYMER@UP@TFT@Cell_B57J5UB-1-3.jpg,TFT,TFT,UP,UP,POLYMER,PI SPOT-WITH PAR,"['UP', 'NP', 'INT', 'OP']","['PI SPOT-WITH PAR', 'POLYMER', 'FIBER', 'PV-HOLE-T', 'CF DEFECT']","['TFT', 'CF']"
POLYMER@UP@TFT@Cell_B4S74HH-1-3.jpg,TFT,TFT,UP,UP,POLYMER,PI SPOT-WITH PAR,"['UP', 'NP', 'INT', 'OP']","['PI SPOT-WITH PAR', 'POLYMER', 'CF PS DEFORMATION', 'ITO-RESIDUE-T', 'CF DEFECT']","['TFT', 'CF']"
FIBER@UP@TFT@Cell_BBVK6WE-1-3.jpg,TFT,TFT,UP,UP,FIBER,FIBER,"['UP', 'OP', 'INT', 'NP']","['FIBER', 'ITO-RESIDUE-T', 'M1-ABNORMAL', 'LIGHT METAL', 'GLASS BROKEN']","['TFT', 'CF']"
POLYMER@UP@TFT@Cell_B58Q0PG-1-3.jpg,TFT,TFT,UP,OP,POLYMER,POLYMER,"['OP', 'UP', 'NP', 'INT']","['POLYMER', 'PI SPOT-WITH PAR', 'PV-HOLE-T', 'CF PS DEFORMATION', 'CF DEFECT']","['TFT', 'CF']"
ITO-RESIDUE-T@NP@TFT@Array_B5AR9JS-1-3.jpg,TFT,TFT,NP,NP,ITO-RESIDUE-T,ITO-RESIDUE-T,"['NP', 'OP', 'INT', 'UP']","['ITO-RESIDUE-T', 'M1-ABNORMAL', 'AS-RESIDUE-E', 'PV-HOLE-T', 'FIBER']","['TFT', 'CF']"
ESD@INT@TFT@Cell_B27R6MA-1-1.jpg,TFT,TFT,INT,INT,ESD,ESD,"['INT', 'OP', 'NP', 'UP']","['ESD', 'GLASS CULLET', 'POLYMER', 'CF PS DEFORMATION', 'FIBER']","['TFT', 'CF']"
PI SPOT-WITH PAR@UP@CF@Cell_B4U77LL-1-5.jpg,CF,CF,UP,UP,PI SPOT-WITH PAR,PI SPOT-WITH PAR,"['UP', 'OP', 'INT', 'NP']","['PI SPOT-WITH PAR', 'CF PS DEFORMATION', 'FIBER', 'ESD', 'PV-HOLE-T']","['CF', 'TFT']"
GLASS CULLET@OP@CF@Cell_B4TB6QD-1-3.jpg,CF,CF,OP,OP,GLASS CULLET,POLYMER,"['OP', 'NP', 'UP', 'INT']","['POLYMER', 'CF REPAIR FAIL', 'CF DEFECT', 'LIGHT METAL', 'PI SPOT-WITH PAR']","['CF', 'TFT']"
PV-HOLE-T@NP@TFT@Array_B4WZ83A-1-3.jpg,TFT,TFT,NP,UP,PV-HOLE-T,POLYMER,"['UP', 'NP', 'OP', 'INT']","['POLYMER', 'PI SPOT-WITH PAR', 'M1-ABNORMAL', 'PV-HOLE-T', 'FIBER']","['TFT', 'CF']"
POLYMER@OP@TFT@Cell_B4VE9XC-1-3.jpg,TFT,TFT,OP,UP,POLYMER,FIBER,"['UP', 'NP', 'INT', 'OP']","['FIBER', 'POLYMER', 'PI SPOT-WITH PAR', 'PV-HOLE-T', 'GLASS BROKEN']","['TFT', 'CF']"
PI SPOT-WITH PAR@UP@TFT@Cell_B5B092M-1-3.jpg,TFT,TFT,UP,UP,PI SPOT-WITH PAR,PI SPOT-WITH PAR,"['UP', 'NP', 'INT', 'OP']","['PI SPOT-WITH PAR', 'ITO-RESIDUE-T', 'LIGHT METAL', 'CF DEFECT', 'AS-RESIDUE-E']","['TFT', 'CF']"
PI SPOT-WITH PAR@UP@CF@Cell_B54T64R-1-3.jpg,CF,CF,UP,UP,PI SPOT-WITH PAR,CF DEFECT,"['UP', 'NP', 'INT', 'OP']","['CF DEFECT', 'PI SPOT-WITH PAR', 'LIGHT METAL', 'CF PS DEFORMATION', 'PV-HOLE-T']","['CF', 'TFT']"
FIBER@OP@CF@Cell_B5622TH-1-3.jpg,CF,CF,OP,OP,FIBER,FIBER,"['OP', 'UP', 'INT', 'NP']","['FIBER', 'PV-HOLE-T', 'LIGHT METAL', 'CF DEFECT', 'ITO-RESIDUE-T']","['CF', 'TFT']"
CF REPAIR FAIL@NP@CF@CF_B6135JA-1-3.jpg,CF,CF,NP,NP,CF REPAIR FAIL,CF REPAIR FAIL,"['NP', 'OP', 'INT', 'UP']","['CF REPAIR FAIL', 'ITO-RESIDUE-T', 'M1-ABNORMAL', 'CF PS DEFORMATION', 'ESD']","['CF', 'TFT']"
CF DEFECT@NP@CF@CF_B4VV1UB-1-3.jpg,CF,CF,NP,NP,CF DEFECT,CF DEFECT,"['NP', 'OP', 'INT', 'UP']","['CF DEFECT', 'PV-HOLE-T', 'CF REPAIR FAIL', 'ITO-RESIDUE-T', 'CF PS DEFORMATION']","['CF', 'TFT']"
FIBER@UP@TFT@Cell_B12Z2AF-1-3.jpg,TFT,TFT,UP,UP,FIBER,FIBER,"['UP', 'OP', 'INT', 'NP']","['FIBER', 'ITO-RESIDUE-T', 'PI SPOT-WITH PAR', 'CF PS DEFORMATION', 'M1-ABNORMAL']","['TFT', 'CF']"
ITO-RESIDUE-T@NP@TFT@Array_B5C91GD-1-3.jpg,TFT,TFT,NP,NP,ITO-RESIDUE-T,ITO-RESIDUE-T,"['NP', 'OP', 'INT', 'UP']","['ITO-RESIDUE-T', 'M1-ABNORMAL', 'AS-RESIDUE-E', 'POLYMER', 'CF PS DEFORMATION']","['TFT', 'CF']"
PV-HOLE-T@NP@TFT@Array_B5CV42A-1-3.jpg,TFT,TFT,NP,NP,PV-HOLE-T,PV-HOLE-T,"['NP', 'OP', 'UP', 'INT']","['PV-HOLE-T', 'ITO-RESIDUE-T', 'PI SPOT-WITH PAR', 'POLYMER', 'ESD']","['TFT', 'CF']"
GLASS CULLET@OP@CF@Cell_B5CG0SG-1-3.jpg,CF,CF,OP,OP,GLASS CULLET,GLASS CULLET,"['OP', 'UP', 'INT', 'NP']","['GLASS CULLET', 'POLYMER', 'PI SPOT-WITH PAR', 'LIGHT METAL', 'ESD']","['CF', 'TFT']"
CF PS DEFORMATION@NP@CF@CF_B4VE3AF-1-3.jpg,CF,CF,NP,NP,CF PS DEFORMATION,CF PS DEFORMATION,"['NP', 'OP', 'UP', 'INT']","['CF PS DEFORMATION', 'PV-HOLE-T', 'ITO-RESIDUE-T', 'GLASS CULLET', 'LIGHT METAL']","['CF', 'TFT']"
POLYMER@OP@CF@Cell_B4X00RD-1-3.jpg,CF,CF,OP,OP,POLYMER,POLYMER,"['OP', 'INT', 'NP', 'UP']","['POLYMER', 'FIBER', 'CF PS DEFORMATION', 'M1-ABNORMAL', 'ESD']","['CF', 'TFT']"
ITO-RESIDUE-T@NP@TFT@Array_B4RG3CS-1-3.jpg,TFT,TFT,NP,NP,ITO-RESIDUE-T,ITO-RESIDUE-T,"['NP', 'INT', 'OP', 'UP']","['ITO-RESIDUE-T', 'AS-RESIDUE-E', 'CF PS DEFORMATION', 'POLYMER', 'CF REPAIR FAIL']","['TFT', 'CF']"
PI SPOT-WITH PAR@UP@TFT@Cell_B57S0CT-1-3.jpg,TFT,TFT,UP,UP,PI SPOT-WITH PAR,PI SPOT-WITH PAR,"['UP', 'NP', 'OP', 'INT']","['PI SPOT-WITH PAR', 'AS-RESIDUE-E', 'PV-HOLE-T', 'POLYMER', 'CF PS DEFORMATION']","['TFT', 'CF']"
GLASS CULLET@OP@CF@Cell_B51D9YP-1-3.jpg,CF,CF,OP,OP,GLASS CULLET,GLASS CULLET,"['OP', 'NP', 'UP', 'INT']","['GLASS CULLET', 'CF DEFECT', 'LIGHT METAL', 'PV-HOLE-T', 'PI SPOT-WITH PAR']","['CF', 'TFT']"
ITO-RESIDUE-T@NP@TFT@Array_B57R5JD-1-3.jpg,TFT,TFT,NP,NP,ITO-RESIDUE-T,ITO-RESIDUE-T,"['NP', 'OP', 'INT', 'UP']","['ITO-RESIDUE-T', 'M1-ABNORMAL', 'PV-HOLE-T', 'AS-RESIDUE-E', 'FIBER']","['TFT', 'CF']"
POLYMER@UP@TFT@Cell_B4UJ6BE-1-3.jpg,TFT,TFT,UP,UP,POLYMER,POLYMER,"['UP', 'OP', 'NP', 'INT']","['POLYMER', 'PI SPOT-WITH PAR', 'FIBER', 'GLASS CULLET', 'M1-ABNORMAL']","['TFT', 'CF']"
ITO-RESIDUE-T@NP@TFT@Array_B5BK6FF-1-3.jpg,TFT,TFT,NP,NP,ITO-RESIDUE-T,ITO-RESIDUE-T,"['NP', 'INT', 'OP', 'UP']","['ITO-RESIDUE-T', 'PV-HOLE-T', 'M1-ABNORMAL', 'AS-RESIDUE-E', 'ESD']","['TFT', 'CF']"
GLASS CULLET@OP@CF@Cell_B56Y9HN-1-3.jpg,CF,CF,OP,OP,GLASS CULLET,GLASS CULLET,"['OP', 'UP', 'INT', 'NP']","['GLASS CULLET', 'PI SPOT-WITH PAR', 'POLYMER', 'CF DEFECT', 'ESD']","['CF', 'TFT']"
ITO-RESIDUE-T@NP@TFT@Array_B50J7ZC-1-3.jpg,TFT,TFT,NP,NP,ITO-RESIDUE-T,ITO-RESIDUE-T,"['NP', 'INT', 'OP', 'UP']","['ITO-RESIDUE-T', 'AS-RESIDUE-E', 'POLYMER', 'CF PS DEFORMATION', 'M1-ABNORMAL']","['TFT', 'CF']"
AS-RESIDUE-E@NP@TFT@Array_B5868YA-1-4.jpg,TFT,TFT,NP,OP,AS-RESIDUE-E,POLYMER,"['OP', 'NP', 'UP', 'INT']","['POLYMER', 'M1-ABNORMAL', 'PV-HOLE-T', 'LIGHT METAL', 'AS-RESIDUE-E']","['TFT', 'CF']"
ITO-RESIDUE-T@NP@TFT@Array_B4X28YB-1-3.jpg,TFT,TFT,NP,NP,ITO-RESIDUE-T,ITO-RESIDUE-T,"['NP', 'INT', 'OP', 'UP']","['ITO-RESIDUE-T', 'AS-RESIDUE-E', 'M1-ABNORMAL', 'PV-HOLE-T', 'CF PS DEFORMATION']","['TFT', 'CF']"
PI SPOT-WITH PAR@UP@CF@Cell_B4W49TK-1-3.jpg,CF,CF,UP,UP,PI SPOT-WITH PAR,PI SPOT-WITH PAR,"['UP', 'OP', 'INT', 'NP']","['PI SPOT-WITH PAR', 'FIBER', 'POLYMER', 'GLASS CULLET', 'CF REPAIR FAIL']","['CF', 'TFT']"
GLASS BROKEN@INT@TFT@Cell_B4SQ5TD-1-3.jpg,TFT,TFT,INT,INT,GLASS BROKEN,GLASS BROKEN,"['INT', 'NP', 'UP', 'OP']","['GLASS BROKEN', 'ESD', 'ITO-RESIDUE-T', 'PI SPOT-WITH PAR', 'CF DEFECT']","['TFT', 'CF']"
PI SPOT-WITH PAR@UP@TFT@Cell_B5AN1KR-1-3.jpg,TFT,TFT,UP,UP,PI SPOT-WITH PAR,PI SPOT-WITH PAR,"['UP', 'INT', 'NP', 'OP']","['PI SPOT-WITH PAR', 'FIBER', 'POLYMER', 'CF DEFECT', 'LIGHT METAL']","['TFT', 'CF']"
GLASS CULLET@OP@CF@Cell_B51D81F-1-3.jpg,CF,CF,OP,NP,GLASS CULLET,CF DEFECT,"['NP', 'OP', 'INT', 'UP']","['CF DEFECT', 'GLASS CULLET', 'FIBER', 'POLYMER', 'PI SPOT-WITH PAR']","['CF', 'TFT']"
LIGHT METAL@UP@CF@Cell_H1G06AF-1-3.jpg,CF,CF,UP,UP,LIGHT METAL,LIGHT METAL,"['UP', 'NP', 'INT', 'OP']","['LIGHT METAL', 'POLYMER', 'CF PS DEFORMATION', 'PI SPOT-WITH PAR', 'M1-ABNORMAL']","['CF', 'TFT']"
CF DEFECT@NP@CF@CF_B59E0GC-1-3.jpg,CF,CF,NP,NP,CF DEFECT,CF DEFECT,"['NP', 'OP', 'INT', 'UP']","['CF DEFECT', 'CF PS DEFORMATION', 'CF REPAIR FAIL', 'ITO-RESIDUE-T', 'GLASS CULLET']","['CF', 'TFT']"
FIBER@UP@TFT@Cell_B1754YL-1-3.jpg,TFT,TFT,UP,UP,FIBER,FIBER,"['UP', 'OP', 'INT', 'NP']","['FIBER', 'GLASS BROKEN', 'PV-HOLE-T', 'LIGHT METAL', 'ITO-RESIDUE-T']","['TFT', 'CF']"
CF DEFECT@NP@CF@CF_B4VW0FE-1-3.jpg,CF,CF,NP,NP,CF DEFECT,CF DEFECT,"['NP', 'OP', 'INT', 'UP']","['CF DEFECT', 'CF REPAIR FAIL', 'PI SPOT-WITH PAR', 'ESD', 'ITO-RESIDUE-T']","['CF', 'TFT']"
AS-RESIDUE-E@NP@TFT@Array_B67F2UJ-1-5.jpg,TFT,TFT,NP,NP,AS-RESIDUE-E,AS-RESIDUE-E,"['NP', 'INT', 'OP', 'UP']","['AS-RESIDUE-E', 'M1-ABNORMAL', 'PV-HOLE-T', 'ESD', 'LIGHT METAL']","['TFT', 'CF']"
ESD@INT@TFT@Cell_B54Z6JM-1-3.jpg,TFT,TFT,INT,INT,ESD,ESD,"['INT', 'NP', 'UP', 'OP']","['ESD', 'M1-ABNORMAL', 'CF REPAIR FAIL', 'ITO-RESIDUE-T', 'PV-HOLE-T']","['TFT', 'CF']"
PI SPOT-WITH PAR@UP@CF@Cell_B4U77KL-1-5.jpg,CF,CF,UP,UP,PI SPOT-WITH PAR,PI SPOT-WITH PAR,"['UP', 'NP', 'OP', 'INT']","['PI SPOT-WITH PAR', 'CF REPAIR FAIL', 'CF PS DEFORMATION', 'CF DEFECT', 'FIBER']","['CF', 'TFT']"
ESD@INT@TFT@Cell_B55S3ME-1-3.jpg,TFT,TFT,INT,INT,ESD,ESD,"['INT', 'NP', 'OP', 'UP']","['ESD', 'PV-HOLE-T', 'GLASS CULLET', 'ITO-RESIDUE-T', 'M1-ABNORMAL']","['TFT', 'CF']"
GLASS CULLET@OP@CF@Cell_B5627DC-1-3.jpg,CF,CF,OP,OP,GLASS CULLET,GLASS CULLET,"['OP', 'NP', 'INT', 'UP']","['GLASS CULLET', 'FIBER', 'PI SPOT-WITH PAR', 'CF DEFECT', 'ESD']","['CF', 'TFT']"
ESD@INT@TFT@Cell_B33D1FE-1-1.jpg,TFT,TFT,INT,INT,ESD,ESD,"['INT', 'UP', 'NP', 'OP']","['ESD', 'PV-HOLE-T', 'CF REPAIR FAIL', 'CF PS DEFORMATION', 'POLYMER']","['TFT', 'CF']"
AS-RESIDUE-E@NP@TFT@Array_B68P8TJ-1-4.jpg,TFT,TFT,NP,NP,AS-RESIDUE-E,AS-RESIDUE-E,"['NP', 'INT', 'OP', 'UP']","['AS-RESIDUE-E', 'M1-ABNORMAL', 'PV-HOLE-T', 'CF DEFECT', 'POLYMER']","['TFT', 'CF']"
M1-ABNORMAL@NP@TFT@Array_B57E3ZJ-1-3.jpg,TFT,TFT,NP,NP,M1-ABNORMAL,M1-ABNORMAL,"['NP', 'UP', 'INT', 'OP']","['M1-ABNORMAL', 'ITO-RESIDUE-T', 'PV-HOLE-T', 'PI SPOT-WITH PAR', 'AS-RESIDUE-E']","['TFT', 'CF']"
ESD@INT@TFT@Cell_B38N6WB-1-1.jpg,TFT,TFT,INT,INT,ESD,ESD,"['INT', 'OP', 'UP', 'NP']","['ESD', 'FIBER', 'CF PS DEFORMATION', 'M1-ABNORMAL', 'PI SPOT-WITH PAR']","['TFT', 'CF']"
GLASS BROKEN@INT@TFT@Cell_B53V42C-1-3.jpg,TFT,TFT,INT,INT,GLASS BROKEN,GLASS BROKEN,"['INT', 'UP', 'NP', 'OP']","['GLASS BROKEN', 'ESD', 'PI SPOT-WITH PAR', 'LIGHT METAL', 'ITO-RESIDUE-T']","['TFT', 'CF']"
CF REPAIR FAIL@NP@CF@CF_B5BL54A-1-3.jpg,CF,CF,NP,NP,CF REPAIR FAIL,CF REPAIR FAIL,"['NP', 'INT', 'OP', 'UP']","['CF REPAIR FAIL', 'CF DEFECT', 'GLASS BROKEN', 'POLYMER', 'ESD']","['CF', 'TFT']"
FIBER@OP@CF@Cell_B50Q9GA-1-3.jpg,CF,CF,OP,OP,FIBER,FIBER,"['OP', 'INT', 'NP', 'UP']","['FIBER', 'POLYMER', 'CF DEFECT', 'GLASS BROKEN', 'ESD']","['CF', 'TFT']"
LIGHT METAL@UP@CF@Cell_B4LS1QT-1-3.jpg,CF,CF,UP,UP,LIGHT METAL,LIGHT METAL,"['UP', 'NP', 'OP', 'INT']","['LIGHT METAL', 'CF PS DEFORMATION', 'ITO-RESIDUE-T', 'CF REPAIR FAIL', 'FIBER']","['CF', 'TFT']"
FIBER@OP@CF@Cell_B5B24EB-1-3.jpg,CF,CF,OP,OP,FIBER,FIBER,"['OP', 'NP', 'INT', 'UP']","['FIBER', 'CF DEFECT', 'POLYMER', 'LIGHT METAL', 'CF PS DEFORMATION']","['CF', 'TFT']"
FIBER@UP@TFT@Cell_B33Y73Q-1-3.jpg,TFT,TFT,UP,UP,FIBER,FIBER,"['UP', 'OP', 'INT', 'NP']","['FIBER', 'CF PS DEFORMATION', 'PI SPOT-WITH PAR', 'ESD', 'M1-ABNORMAL']","['TFT', 'CF']"
FIBER@OP@CF@Cell_B57D7WC-1-3.jpg,CF,CF,OP,OP,FIBER,FIBER,"['OP', 'NP', 'INT', 'UP']","['FIBER', 'GLASS CULLET', 'ITO-RESIDUE-T', 'POLYMER', 'PI SPOT-WITH PAR']","['CF', 'TFT']"
CF PS DEFORMATION@NP@CF@CF_B57T7DR-1-3.jpg,CF,CF,NP,NP,CF PS DEFORMATION,CF REPAIR FAIL,"['NP', 'INT', 'UP', 'OP']","['CF REPAIR FAIL', 'CF PS DEFORMATION', 'AS-RESIDUE-E', 'ESD', 'PI SPOT-WITH PAR']","['CF', 'TFT']"
M1-ABNORMAL@NP@TFT@Array_BCWD1ZE-1-3.jpg,TFT,TFT,NP,NP,M1-ABNORMAL,PV-HOLE-T,"['NP', 'UP', 'INT', 'OP']","['PV-HOLE-T', 'ITO-RESIDUE-T', 'CF REPAIR FAIL', 'M1-ABNORMAL', 'PI SPOT-WITH PAR']","['TFT', 'CF']"
AS-RESIDUE-E@NP@TFT@Array_B64C5RH-1-4.jpg,TFT,TFT,NP,NP,AS-RESIDUE-E,M1-ABNORMAL,"['NP', 'UP', 'OP', 'INT']","['M1-ABNORMAL', 'AS-RESIDUE-E', 'PV-HOLE-T', 'CF REPAIR FAIL', 'LIGHT METAL']","['TFT', 'CF']"
CF PS DEFORMATION@NP@CF@CF_B4VV3RC-1-3.jpg,CF,CF,NP,NP,CF PS DEFORMATION,CF PS DEFORMATION,"['NP', 'INT', 'OP', 'UP']","['CF PS DEFORMATION', 'PV-HOLE-T', 'ITO-RESIDUE-T', 'LIGHT METAL', 'ESD']","['CF', 'TFT']"
GLASS CULLET@OP@CF@Cell_B4UZ7CN-1-3.jpg,CF,CF,OP,OP,GLASS CULLET,GLASS CULLET,"['OP', 'UP', 'INT', 'NP']","['GLASS CULLET', 'LIGHT METAL', 'CF DEFECT', 'FIBER', 'CF REPAIR FAIL']","['CF', 'TFT']"
M1-ABNORMAL@NP@TFT@Array_B4MA0UR-1-3.jpg,TFT,TFT,NP,UP,M1-ABNORMAL,PI SPOT-WITH PAR,"['UP', 'INT', 'NP', 'OP']","['PI SPOT-WITH PAR', 'FIBER', 'ESD', 'AS-RESIDUE-E', 'GLASS BROKEN']","['TFT', 'CF']"
CF PS DEFORMATION@NP@CF@CF_B4VV23B-1-3.jpg,CF,CF,NP,NP,CF PS DEFORMATION,CF PS DEFORMATION,"['NP', 'OP', 'INT', 'UP']","['CF PS DEFORMATION', 'PV-HOLE-T', 'ESD', 'ITO-RESIDUE-T', 'AS-RESIDUE-E']","['CF', 'TFT']"
POLYMER@OP@CF@Cell_B5BK1KD-1-3.jpg,CF,CF,OP,OP,POLYMER,POLYMER,"['OP', 'INT', 'UP', 'NP']","['POLYMER', 'FIBER', 'PI SPOT-WITH PAR', 'CF REPAIR FAIL', 'ITO-RESIDUE-T']","['CF', 'TFT']"
CF DEFECT@NP@CF@CF_B6197BL-1-3.jpg,CF,CF,NP,OP,CF DEFECT,FIBER,"['OP', 'NP', 'UP', 'INT']","['FIBER', 'ITO-RESIDUE-T', 'CF DEFECT', 'GLASS CULLET', 'CF REPAIR FAIL']","['CF', 'TFT']"
FIBER@OP@CF@Cell_B58Q2US-1-3.jpg,CF,CF,OP,OP,FIBER,FIBER,"['OP', 'INT', 'UP', 'NP']","['FIBER', 'PI SPOT-WITH PAR', 'PV-HOLE-T', 'ESD', 'LIGHT METAL']","['CF', 'TFT']"
PV-HOLE-T@NP@TFT@Array_B5D78PC-1-3.jpg,TFT,TFT,NP,NP,PV-HOLE-T,ITO-RESIDUE-T,"['NP', 'INT', 'UP', 'OP']","['ITO-RESIDUE-T', 'M1-ABNORMAL', 'AS-RESIDUE-E', 'PV-HOLE-T', 'ESD']","['TFT', 'CF']"
POLYMER@OP@CF@Cell_B5AY6RA-1-3.jpg,CF,CF,OP,OP,POLYMER,POLYMER,"['OP', 'INT', 'NP', 'UP']","['POLYMER', 'FIBER', 'PI SPOT-WITH PAR', 'CF PS DEFORMATION', 'M1-ABNORMAL']","['CF', 'TFT']"
PI SPOT-WITH PAR@UP@TFT@Cell_H5E51QJ-1-3.jpg,TFT,TFT,UP,UP,PI SPOT-WITH PAR,PI SPOT-WITH PAR,"['UP', 'NP', 'INT', 'OP']","['PI SPOT-WITH PAR', 'FIBER', 'AS-RESIDUE-E', 'CF PS DEFORMATION', 'CF DEFECT']","['TFT', 'CF']"
POLYMER@OP@CF@Cell_B5CM1XB-1-3.jpg,CF,CF,OP,OP,POLYMER,POLYMER,"['OP', 'INT', 'NP', 'UP']","['POLYMER', 'FIBER', 'M1-ABNORMAL', 'PI SPOT-WITH PAR', 'CF PS DEFORMATION']","['CF', 'TFT']"
PV-HOLE-T@NP@TFT@Array_B61F71N-1-3.jpg,TFT,TFT,NP,NP,PV-HOLE-T,PV-HOLE-T,"['NP', 'UP', 'OP', 'INT']","['PV-HOLE-T', 'ITO-RESIDUE-T', 'POLYMER', 'FIBER', 'LIGHT METAL']","['TFT', 'CF']"
FIBER@OP@CF@Cell_6Q3B50F1S0BD-1-3.jpg,CF,CF,OP,OP,FIBER,FIBER,"['OP', 'UP', 'INT', 'NP']","['FIBER', 'PI SPOT-WITH PAR', 'ITO-RESIDUE-T', 'AS-RESIDUE-E', 'CF PS DEFORMATION']","['CF', 'TFT']"
ESD@INT@TFT@Cell_7U3B1BG2B0BB-1-2.jpg,TFT,TFT,INT,INT,ESD,GLASS BROKEN,"['INT', 'NP', 'OP', 'UP']","['GLASS BROKEN', 'ESD', 'AS-RESIDUE-E', 'CF PS DEFORMATION', 'GLASS CULLET']","['TFT', 'CF']"
CF DEFECT@NP@CF@CF_B5CV0RF-1-3.jpg,CF,CF,NP,NP,CF DEFECT,CF DEFECT,"['NP', 'INT', 'UP', 'OP']","['CF DEFECT', 'CF REPAIR FAIL', 'ITO-RESIDUE-T', 'AS-RESIDUE-E', 'PI SPOT-WITH PAR']","['CF', 'TFT']"
FIBER@OP@CF@Cell_B4WQ5AF-1-3.jpg,CF,CF,OP,OP,FIBER,FIBER,"['OP', 'INT', 'NP', 'UP']","['FIBER', 'PV-HOLE-T', 'CF DEFECT', 'ESD', 'POLYMER']","['CF', 'TFT']"
FIBER@UP@TFT@Cell_B91U92D-1-3.jpg,TFT,TFT,UP,UP,FIBER,FIBER,"['UP', 'OP', 'NP', 'INT']","['FIBER', 'M1-ABNORMAL', 'ITO-RESIDUE-T', 'PV-HOLE-T', 'LIGHT METAL']","['TFT', 'CF']"
GLASS CULLET@OP@CF@Cell_B57L7SH-1-3.jpg,CF,CF,OP,UP,GLASS CULLET,PI SPOT-WITH PAR,"['UP', 'OP', 'INT', 'NP']","['PI SPOT-WITH PAR', 'POLYMER', 'GLASS CULLET', 'ESD', 'CF REPAIR FAIL']","['CF', 'TFT']"
POLYMER@OP@CF@Cell_B5654ZJ-1-3.jpg,CF,CF,OP,OP,POLYMER,POLYMER,"['OP', 'INT', 'NP', 'UP']","['POLYMER', 'FIBER', 'CF PS DEFORMATION', 'M1-ABNORMAL', 'PI SPOT-WITH PAR']","['CF', 'TFT']"
CF PS DEFORMATION@NP@CF@CF_B4VV0YB-1-3.jpg,CF,CF,NP,NP,CF PS DEFORMATION,CF PS DEFORMATION,"['NP', 'OP', 'INT', 'UP']","['CF PS DEFORMATION', 'PV-HOLE-T', 'ITO-RESIDUE-T', 'FIBER', 'LIGHT METAL']","['CF', 'TFT']"
M1-ABNORMAL@NP@TFT@Array_H5E56CC-1-3.jpg,TFT,TFT,NP,NP,M1-ABNORMAL,ITO-RESIDUE-T,"['NP', 'UP', 'OP', 'INT']","['ITO-RESIDUE-T', 'PI SPOT-WITH PAR', 'PV-HOLE-T', 'AS-RESIDUE-E', 'M1-ABNORMAL']","['TFT', 'CF']"
FIBER@UP@TFT@Cell_B8617TH-1-3.jpg,TFT,TFT,UP,UP,FIBER,FIBER,"['UP', 'OP', 'INT', 'NP']","['FIBER', 'POLYMER', 'LIGHT METAL', 'GLASS BROKEN', 'PI SPOT-WITH PAR']","['TFT', 'CF']"
LIGHT METAL@UP@CF@Cell_B1103YH-1-3.jpg,CF,CF,UP,UP,LIGHT METAL,LIGHT METAL,"['UP', 'NP', 'INT', 'OP']","['LIGHT METAL', 'ITO-RESIDUE-T', 'PI SPOT-WITH PAR', 'FIBER', 'CF PS DEFORMATION']","['CF', 'TFT']"
LIGHT METAL@UP@CF@Cell_B4MB8GB-1-3.jpg,CF,CF,UP,UP,LIGHT METAL,LIGHT METAL,"['UP', 'NP', 'INT', 'OP']","['LIGHT METAL', 'PI SPOT-WITH PAR', 'PV-HOLE-T', 'FIBER', 'ITO-RESIDUE-T']","['CF', 'TFT']"
GLASS CULLET@OP@CF@Cell_B4UZ0ND-1-3.jpg,CF,CF,OP,NP,GLASS CULLET,CF PS DEFORMATION,"['NP', 'INT', 'OP', 'UP']","['CF PS DEFORMATION', 'CF REPAIR FAIL', 'GLASS BROKEN', 'ESD', 'M1-ABNORMAL']","['CF', 'TFT']"
ESD@INT@TFT@Cell_7U3B1BG2B0BB-1-3.jpg,TFT,TFT,INT,INT,ESD,ESD,"['INT', 'UP', 'OP', 'NP']","['ESD', 'PI SPOT-WITH PAR', 'CF REPAIR FAIL', 'GLASS BROKEN', 'GLASS CULLET']","['TFT', 'CF']"
AS-RESIDUE-E@NP@TFT@Array_B5AZ5WL-1-4.jpg,TFT,TFT,NP,NP,AS-RESIDUE-E,AS-RESIDUE-E,"['NP', 'INT', 'UP', 'OP']","['AS-RESIDUE-E', 'M1-ABNORMAL', 'ITO-RESIDUE-T', 'PV-HOLE-T', 'GLASS BROKEN']","['TFT', 'CF']"
M1-ABNORMAL@NP@TFT@Array_BATX5AH-1-3.jpg,TFT,TFT,NP,NP,M1-ABNORMAL,PV-HOLE-T,"['NP', 'UP', 'INT', 'OP']","['PV-HOLE-T', 'PI SPOT-WITH PAR', 'AS-RESIDUE-E', 'ITO-RESIDUE-T', 'M1-ABNORMAL']","['TFT', 'CF']"
PV-HOLE-T@NP@TFT@Array_B5634TM-1-3.jpg,TFT,TFT,NP,NP,PV-HOLE-T,PV-HOLE-T,"['NP', 'UP', 'OP', 'INT']","['PV-HOLE-T', 'FIBER', 'PI SPOT-WITH PAR', 'ITO-RESIDUE-T', 'M1-ABNORMAL']","['TFT', 'CF']"
PI SPOT-WITH PAR@UP@TFT@Cell_B5CG14M-1-3.jpg,TFT,TFT,UP,UP,PI SPOT-WITH PAR,PI SPOT-WITH PAR,"['UP', 'OP', 'INT', 'NP']","['PI SPOT-WITH PAR', 'POLYMER', 'M1-ABNORMAL', 'LIGHT METAL', 'GLASS BROKEN']","['TFT', 'CF']"
FIBER@UP@TFT@Cell_B5DD4FP-1-3.jpg,TFT,TFT,UP,UP,FIBER,FIBER,"['UP', 'OP', 'INT', 'NP']","['FIBER', 'POLYMER', 'GLASS BROKEN', 'M1-ABNORMAL', 'ITO-RESIDUE-T']","['TFT', 'CF']"
FIBER@UP@TFT@Cell_B81X1WG-1-3.jpg,TFT,TFT,UP,UP,FIBER,FIBER,"['UP', 'OP', 'NP', 'INT']","['FIBER', 'ITO-RESIDUE-T', 'M1-ABNORMAL', 'LIGHT METAL', 'ESD']","['TFT', 'CF']"
ESD@INT@TFT@Cell_B1BC54L-1-1.jpg,TFT,TFT,INT,INT,ESD,ESD,"['INT', 'NP', 'OP', 'UP']","['ESD', 'PV-HOLE-T', 'POLYMER', 'CF PS DEFORMATION', 'ITO-RESIDUE-T']","['TFT', 'CF']"
FIBER@OP@CF@Cell_B5CV0CN-1-3.jpg,CF,CF,OP,OP,FIBER,FIBER,"['OP', 'UP', 'INT', 'NP']","['FIBER', 'PV-HOLE-T', 'LIGHT METAL', 'ESD', 'GLASS BROKEN']","['CF', 'TFT']"
LIGHT METAL@UP@CF@Cell_B62X9UC-1-3.jpg,CF,CF,UP,UP,LIGHT METAL,LIGHT METAL,"['UP', 'OP', 'INT', 'NP']","['LIGHT METAL', 'POLYMER', 'PI SPOT-WITH PAR', 'FIBER', 'GLASS BROKEN']","['CF', 'TFT']"
M1-ABNORMAL@NP@TFT@Array_BATT8SM-1-3.jpg,TFT,TFT,NP,NP,M1-ABNORMAL,M1-ABNORMAL,"['NP', 'UP', 'INT', 'OP']","['M1-ABNORMAL', 'PV-HOLE-T', 'ITO-RESIDUE-T', 'AS-RESIDUE-E', 'CF DEFECT']","['TFT', 'CF']"
POLYMER@OP@TFT@Cell_B62X2HA-1-3.jpg,TFT,TFT,OP,OP,POLYMER,POLYMER,"['OP', 'INT', 'UP', 'NP']","['POLYMER', 'FIBER', 'PV-HOLE-T', 'CF REPAIR FAIL', 'CF PS DEFORMATION']","['TFT', 'CF']"
PV-HOLE-T@NP@TFT@Array_B5B11KT-1-3.jpg,TFT,TFT,NP,NP,PV-HOLE-T,PV-HOLE-T,"['NP', 'UP', 'OP', 'INT']","['PV-HOLE-T', 'ITO-RESIDUE-T', 'POLYMER', 'CF PS DEFORMATION', 'GLASS BROKEN']","['TFT', 'CF']"
PI SPOT-WITH PAR@UP@CF@Cell_B51F9EM-2-3.jpg,CF,CF,UP,UP,PI SPOT-WITH PAR,PI SPOT-WITH PAR,"['UP', 'NP', 'OP', 'INT']","['PI SPOT-WITH PAR', 'CF DEFECT', 'GLASS CULLET', 'LIGHT METAL', 'PV-HOLE-T']","['CF', 'TFT']"
CF DEFECT@NP@CF@CF_B4U61PE-1-3.jpg,CF,CF,NP,NP,CF DEFECT,CF DEFECT,"['NP', 'INT', 'OP', 'UP']","['CF DEFECT', 'PV-HOLE-T', 'CF REPAIR FAIL', 'ITO-RESIDUE-T', 'PI SPOT-WITH PAR']","['CF', 'TFT']"
AS-RESIDUE-E@NP@TFT@Array_B64C5RH-1-5.jpg,TFT,TFT,NP,NP,AS-RESIDUE-E,AS-RESIDUE-E,"['NP', 'INT', 'UP', 'OP']","['AS-RESIDUE-E', 'PV-HOLE-T', 'M1-ABNORMAL', 'LIGHT METAL', 'CF REPAIR FAIL']","['TFT', 'CF']"
POLYMER@UP@TFT@Cell_B4NV6TS-1-3.jpg,TFT,TFT,UP,UP,POLYMER,POLYMER,"['UP', 'OP', 'INT', 'NP']","['POLYMER', 'FIBER', 'PI SPOT-WITH PAR', 'M1-ABNORMAL', 'ESD']","['TFT', 'CF']"
LIGHT METAL@UP@CF@Cell_B5052PC-1-3.jpg,CF,CF,UP,UP,LIGHT METAL,LIGHT METAL,"['UP', 'NP', 'INT', 'OP']","['LIGHT METAL', 'ITO-RESIDUE-T', 'CF PS DEFORMATION', 'CF REPAIR FAIL', 'FIBER']","['CF', 'TFT']"
CF REPAIR FAIL@NP@CF@CF_B60N7SA-1-3.jpg,CF,CF,NP,NP,CF REPAIR FAIL,CF REPAIR FAIL,"['NP', 'OP', 'UP', 'INT']","['CF REPAIR FAIL', 'CF PS DEFORMATION', 'M1-ABNORMAL', 'ESD', 'POLYMER']","['CF', 'TFT']"
ITO-RESIDUE-T@NP@TFT@Array_B58A1RQ-1-3.jpg,TFT,TFT,NP,NP,ITO-RESIDUE-T,ITO-RESIDUE-T,"['NP', 'INT', 'OP', 'UP']","['ITO-RESIDUE-T', 'M1-ABNORMAL', 'AS-RESIDUE-E', 'PV-HOLE-T', 'GLASS BROKEN']","['TFT', 'CF']"
PI SPOT-WITH PAR@UP@CF@Cell_B4NN8NM-1-5.jpg,CF,CF,UP,UP,PI SPOT-WITH PAR,PI SPOT-WITH PAR,"['UP', 'OP', 'INT', 'NP']","['PI SPOT-WITH PAR', 'FIBER', 'POLYMER', 'CF PS DEFORMATION', 'PV-HOLE-T']","['CF', 'TFT']"
POLYMER@OP@TFT@Cell_B59E4EN-1-3.jpg,TFT,TFT,OP,OP,POLYMER,POLYMER,"['OP', 'UP', 'INT', 'NP']","['POLYMER', 'CF PS DEFORMATION', 'CF DEFECT', 'AS-RESIDUE-E', 'LIGHT METAL']","['TFT', 'CF']"
POLYMER@OP@CF@Cell_B5BK9MG-1-3.jpg,CF,CF,OP,OP,POLYMER,POLYMER,"['OP', 'INT', 'NP', 'UP']","['POLYMER', 'FIBER', 'M1-ABNORMAL', 'CF PS DEFORMATION', 'ESD']","['CF', 'TFT']"
GLASS BROKEN@INT@TFT@Cell_6Q3B5DG5K0GD-1-3.jpg,TFT,TFT,INT,INT,GLASS BROKEN,GLASS BROKEN,"['INT', 'NP', 'UP', 'OP']","['GLASS BROKEN', 'PI SPOT-WITH PAR', 'PV-HOLE-T', 'CF DEFECT', 'ITO-RESIDUE-T']","['TFT', 'CF']"
PI SPOT-WITH PAR@UP@TFT@Cell_B6138DJ-1-3.jpg,TFT,TFT,UP,UP,PI SPOT-WITH PAR,PI SPOT-WITH PAR,"['UP', 'NP', 'INT', 'OP']","['PI SPOT-WITH PAR', 'POLYMER', 'PV-HOLE-T', 'ESD', 'CF DEFECT']","['TFT', 'CF']"
POLYMER@OP@CF@Cell_B5DQ4UJ-1-3.jpg,CF,CF,OP,OP,POLYMER,POLYMER,"['OP', 'INT', 'NP', 'UP']","['POLYMER', 'FIBER', 'M1-ABNORMAL', 'PI SPOT-WITH PAR', 'CF PS DEFORMATION']","['CF', 'TFT']"
ITO-RESIDUE-T@NP@TFT@Array_B56Z6UP-1-3.jpg,TFT,TFT,NP,NP,ITO-RESIDUE-T,ITO-RESIDUE-T,"['NP', 'INT', 'OP', 'UP']","['ITO-RESIDUE-T', 'AS-RESIDUE-E', 'POLYMER', 'M1-ABNORMAL', 'ESD']","['TFT', 'CF']"
GLASS CULLET@OP@CF@Cell_B5637ZD-1-3.jpg,CF,CF,OP,OP,GLASS CULLET,GLASS CULLET,"['OP', 'NP', 'INT', 'UP']","['GLASS CULLET', 'CF DEFECT', 'FIBER', 'PV-HOLE-T', 'ESD']","['CF', 'TFT']"
AS-RESIDUE-E@NP@TFT@Array_B5DP2SB-1-3.jpg,TFT,TFT,NP,NP,AS-RESIDUE-E,AS-RESIDUE-E,"['NP', 'UP', 'OP', 'INT']","['AS-RESIDUE-E', 'M1-ABNORMAL', 'FIBER', 'CF DEFECT', 'PV-HOLE-T']","['TFT', 'CF']"
POLYMER@OP@CF@Cell_B5BH1VR-1-3.jpg,CF,CF,OP,OP,POLYMER,POLYMER,"['OP', 'NP', 'INT', 'UP']","['POLYMER', 'CF DEFECT', 'FIBER', 'CF REPAIR FAIL', 'M1-ABNORMAL']","['CF', 'TFT']"
POLYMER@UP@TFT@Cell_B5AZ6CT-1-3.jpg,TFT,TFT,UP,UP,POLYMER,POLYMER,"['UP', 'NP', 'INT', 'OP']","['POLYMER', 'PV-HOLE-T', 'LIGHT METAL', 'ESD', 'CF REPAIR FAIL']","['TFT', 'CF']"
CF REPAIR FAIL@NP@CF@CF_B62X2DD-1-3.jpg,CF,CF,NP,NP,CF REPAIR FAIL,CF REPAIR FAIL,"['NP', 'OP', 'INT', 'UP']","['CF REPAIR FAIL', 'AS-RESIDUE-E', 'CF PS DEFORMATION', 'ITO-RESIDUE-T', 'PI SPOT-WITH PAR']","['CF', 'TFT']"
M1-ABNORMAL@NP@TFT@Array_B5CU5WT-1-3.jpg,TFT,TFT,NP,UP,M1-ABNORMAL,PI SPOT-WITH PAR,"['UP', 'NP', 'OP', 'INT']","['PI SPOT-WITH PAR', 'ITO-RESIDUE-T', 'M1-ABNORMAL', 'AS-RESIDUE-E', 'FIBER']","['TFT', 'CF']"
CF DEFECT@NP@CF@CF_B5DD5NE-1-3.jpg,CF,CF,NP,NP,CF DEFECT,CF DEFECT,"['NP', 'OP', 'UP', 'INT']","['CF DEFECT', 'CF REPAIR FAIL', 'POLYMER', 'PI SPOT-WITH PAR', 'PV-HOLE-T']","['CF', 'TFT']"
CF REPAIR FAIL@NP@CF@CF_B5BH8TF-1-3.jpg,CF,CF,NP,NP,CF REPAIR FAIL,CF REPAIR FAIL,"['NP', 'OP', 'INT', 'UP']","['CF REPAIR FAIL', 'GLASS CULLET', 'CF PS DEFORMATION', 'FIBER', 'LIGHT METAL']","['CF', 'TFT']"
M1-ABNORMAL@NP@TFT@Array_B5CU5YT-1-3.jpg,TFT,TFT,NP,UP,M1-ABNORMAL,PI SPOT-WITH PAR,"['UP', 'NP', 'OP', 'INT']","['PI SPOT-WITH PAR', 'AS-RESIDUE-E', 'M1-ABNORMAL', 'ITO-RESIDUE-T', 'PV-HOLE-T']","['TFT', 'CF']"
GLASS CULLET@OP@CF@Cell_B53U41R-1-3.jpg,CF,CF,OP,OP,GLASS CULLET,GLASS CULLET,"['OP', 'UP', 'NP', 'INT']","['GLASS CULLET', 'POLYMER', 'CF DEFECT', 'AS-RESIDUE-E', 'LIGHT METAL']","['CF', 'TFT']"
FIBER@UP@TFT@Cell_B37G9FM-1-3.jpg,TFT,TFT,UP,UP,FIBER,FIBER,"['UP', 'OP', 'INT', 'NP']","['FIBER', 'PI SPOT-WITH PAR', 'GLASS BROKEN', 'M1-ABNORMAL', 'ITO-RESIDUE-T']","['TFT', 'CF']"
CF DEFECT@NP@CF@CF_B5B13VF-1-3.jpg,CF,CF,NP,NP,CF DEFECT,CF DEFECT,"['NP', 'OP', 'INT', 'UP']","['CF DEFECT', 'PI SPOT-WITH PAR', 'CF PS DEFORMATION', 'ESD', 'CF REPAIR FAIL']","['CF', 'TFT']"
CF REPAIR FAIL@NP@CF@CF_B6095EA-1-3.jpg,CF,CF,NP,NP,CF REPAIR FAIL,CF REPAIR FAIL,"['NP', 'OP', 'INT', 'UP']","['CF REPAIR FAIL', 'POLYMER', 'M1-ABNORMAL', 'ITO-RESIDUE-T', 'CF PS DEFORMATION']","['CF', 'TFT']"
CF PS DEFORMATION@NP@CF@CF_B4TL4GD-1-3.jpg,CF,CF,NP,NP,CF PS DEFORMATION,CF PS DEFORMATION,"['NP', 'UP', 'INT', 'OP']","['CF PS DEFORMATION', 'ITO-RESIDUE-T', 'PV-HOLE-T', 'LIGHT METAL', 'ESD']","['CF', 'TFT']"
FIBER@UP@TFT@Cell_B14N9SD-1-3.jpg,TFT,TFT,UP,OP,FIBER,POLYMER,"['OP', 'NP', 'UP', 'INT']","['POLYMER', 'M1-ABNORMAL', 'FIBER', 'PI SPOT-WITH PAR', 'LIGHT METAL']","['TFT', 'CF']"
CF REPAIR FAIL@NP@CF@CF_B5AZ8MA-1-3.jpg,CF,CF,NP,NP,CF REPAIR FAIL,CF REPAIR FAIL,"['NP', 'UP', 'OP', 'INT']","['CF REPAIR FAIL', 'CF PS DEFORMATION', 'PV-HOLE-T', 'ESD', 'LIGHT METAL']","['CF', 'TFT']"
GLASS CULLET@OP@CF@Cell_B56301R-1-3.jpg,CF,CF,OP,OP,GLASS CULLET,GLASS CULLET,"['OP', 'NP', 'INT', 'UP']","['GLASS CULLET', 'CF DEFECT', 'PV-HOLE-T', 'CF REPAIR FAIL', 'CF PS DEFORMATION']","['CF', 'TFT']"
FIBER@OP@CF@Cell_B54B2VJ-1-3.jpg,CF,CF,OP,OP,FIBER,FIBER,"['OP', 'INT', 'NP', 'UP']","['FIBER', 'POLYMER', 'M1-ABNORMAL', 'PI SPOT-WITH PAR', 'CF DEFECT']","['CF', 'TFT']"
PI SPOT-WITH PAR@UP@TFT@Cell_H1CV5BF-1-3.jpg,TFT,TFT,UP,UP,PI SPOT-WITH PAR,PI SPOT-WITH PAR,"['UP', 'NP', 'INT', 'OP']","['PI SPOT-WITH PAR', 'FIBER', 'POLYMER', 'ITO-RESIDUE-T', 'GLASS BROKEN']","['TFT', 'CF']"
M1-ABNORMAL@NP@TFT@Array_B55Q7AG-1-3.jpg,TFT,TFT,NP,NP,M1-ABNORMAL,M1-ABNORMAL,"['NP', 'INT', 'UP', 'OP']","['M1-ABNORMAL', 'ITO-RESIDUE-T', 'AS-RESIDUE-E', 'PV-HOLE-T', 'CF PS DEFORMATION']","['TFT', 'CF']"
POLYMER@UP@TFT@Cell_B51D0AT-2-3.jpg,TFT,TFT,UP,UP,POLYMER,PI SPOT-WITH PAR,"['UP', 'OP', 'NP', 'INT']","['PI SPOT-WITH PAR', 'CF PS DEFORMATION', 'POLYMER', 'CF DEFECT', 'AS-RESIDUE-E']","['TFT', 'CF']"
LIGHT METAL@UP@CF@Cell_B56L0HD-1-3.jpg,CF,CF,UP,UP,LIGHT METAL,LIGHT METAL,"['UP', 'NP', 'OP', 'INT']","['LIGHT METAL', 'CF DEFECT', 'ITO-RESIDUE-T', 'PI SPOT-WITH PAR', 'FIBER']","['CF', 'TFT']"
CF REPAIR FAIL@NP@CF@CF_B4TL4DD-1-3.jpg,CF,CF,NP,NP,CF REPAIR FAIL,CF DEFECT,"['NP', 'INT', 'UP', 'OP']","['CF DEFECT', 'CF REPAIR FAIL', 'PV-HOLE-T', 'PI SPOT-WITH PAR', 'CF PS DEFORMATION']","['CF', 'TFT']"
POLYMER@UP@TFT@Cell_B4R41JT-1-3.jpg,TFT,TFT,UP,UP,POLYMER,POLYMER,"['UP', 'OP', 'NP', 'INT']","['POLYMER', 'PI SPOT-WITH PAR', 'FIBER', 'GLASS CULLET', 'ESD']","['TFT', 'CF']"
PI SPOT-WITH PAR@UP@CF@Cell_B52E2FC-1-3.jpg,CF,CF,UP,UP,PI SPOT-WITH PAR,PI SPOT-WITH PAR,"['UP', 'INT', 'OP', 'NP']","['PI SPOT-WITH PAR', 'GLASS BROKEN', 'FIBER', 'ESD', 'LIGHT METAL']","['CF', 'TFT']"
AS-RESIDUE-E@NP@TFT@Array_B67H3RE-1-1.jpg,TFT,TFT,NP,NP,AS-RESIDUE-E,AS-RESIDUE-E,"['NP', 'UP', 'OP', 'INT']","['AS-RESIDUE-E', 'GLASS CULLET', 'CF DEFECT', 'M1-ABNORMAL', 'PV-HOLE-T']","['TFT', 'CF']"
ESD@INT@TFT@Cell_B4M46K5-1-1.jpg,TFT,TFT,INT,INT,ESD,ESD,"['INT', 'UP', 'NP', 'OP']","['ESD', 'GLASS BROKEN', 'POLYMER', 'PI SPOT-WITH PAR', 'M1-ABNORMAL']","['TFT', 'CF']"
PI SPOT-WITH PAR@UP@TFT@Cell_H1CV5BE-1-3.jpg,TFT,TFT,UP,UP,PI SPOT-WITH PAR,POLYMER,"['UP', 'OP', 'INT', 'NP']","['POLYMER', 'PI SPOT-WITH PAR', 'ITO-RESIDUE-T', 'LIGHT METAL', 'FIBER']","['TFT', 'CF']"
CF REPAIR FAIL@NP@CF@CF_B60N7PR-1-3.jpg,CF,CF,NP,NP,CF REPAIR FAIL,CF REPAIR FAIL,"['NP', 'OP', 'UP', 'INT']","['CF REPAIR FAIL', 'CF PS DEFORMATION', 'POLYMER', 'ITO-RESIDUE-T', 'ESD']","['CF', 'TFT']"
CF PS DEFORMATION@NP@CF@CF_B57R9FC-1-3.jpg,CF,CF,NP,OP,CF PS DEFORMATION,GLASS CULLET,"['OP', 'NP', 'UP', 'INT']","['GLASS CULLET', 'CF REPAIR FAIL', 'CF DEFECT', 'CF PS DEFORMATION', 'POLYMER']","['CF', 'TFT']"
PV-HOLE-T@NP@TFT@Array_B5A613A-1-3.jpg,TFT,TFT,NP,UP,PV-HOLE-T,PI SPOT-WITH PAR,"['UP', 'NP', 'OP', 'INT']","['PI SPOT-WITH PAR', 'M1-ABNORMAL', 'PV-HOLE-T', 'AS-RESIDUE-E', 'POLYMER']","['TFT', 'CF']"
ITO-RESIDUE-T@NP@TFT@Array_B54H6MB-1-3.jpg,TFT,TFT,NP,NP,ITO-RESIDUE-T,ITO-RESIDUE-T,"['NP', 'INT', 'OP', 'UP']","['ITO-RESIDUE-T', 'POLYMER', 'AS-RESIDUE-E', 'CF PS DEFORMATION', 'CF REPAIR FAIL']","['TFT', 'CF']"
CF DEFECT@NP@CF@CF_B5CF2DB-1-3.jpg,CF,CF,NP,NP,CF DEFECT,CF DEFECT,"['NP', 'UP', 'INT', 'OP']","['CF DEFECT', 'CF REPAIR FAIL', 'LIGHT METAL', 'ITO-RESIDUE-T', 'AS-RESIDUE-E']","['CF', 'TFT']"
CF PS DEFORMATION@NP@CF@CF_B31N8JA-1-3.jpg,CF,CF,NP,NP,CF PS DEFORMATION,CF REPAIR FAIL,"['NP', 'OP', 'INT', 'UP']","['CF REPAIR FAIL', 'CF PS DEFORMATION', 'GLASS CULLET', 'FIBER', 'CF DEFECT']","['CF', 'TFT']"
CF REPAIR FAIL@NP@CF@CF_B61Y7QT-1-3.jpg,CF,CF,NP,NP,CF REPAIR FAIL,CF REPAIR FAIL,"['NP', 'UP', 'INT', 'OP']","['CF REPAIR FAIL', 'CF PS DEFORMATION', 'POLYMER', 'PV-HOLE-T', 'ITO-RESIDUE-T']","['CF', 'TFT']"
ESD@INT@TFT@Cell_B38N6WB-1-2.jpg,TFT,TFT,INT,INT,ESD,ESD,"['INT', 'OP', 'NP', 'UP']","['ESD', 'M1-ABNORMAL', 'FIBER', 'CF PS DEFORMATION', 'GLASS BROKEN']","['TFT', 'CF']"
ESD@INT@TFT@Cell_B25X4MN-1-1.jpg,TFT,TFT,INT,INT,ESD,ESD,"['INT', 'NP', 'UP', 'OP']","['ESD', 'PV-HOLE-T', 'GLASS BROKEN', 'CF PS DEFORMATION', 'POLYMER']","['TFT', 'CF']"
FIBER@OP@CF@Cell_B4S59QD-1-3.jpg,CF,CF,OP,OP,FIBER,FIBER,"['OP', 'INT', 'UP', 'NP']","['FIBER', 'PV-HOLE-T', 'GLASS BROKEN', 'PI SPOT-WITH PAR', 'CF PS DEFORMATION']","['CF', 'TFT']"
CF PS DEFORMATION@NP@CF@CF_B5DD64T-1-3.jpg,CF,CF,NP,NP,CF PS DEFORMATION,CF PS DEFORMATION,"['NP', 'INT', 'UP', 'OP']","['CF PS DEFORMATION', 'PV-HOLE-T', 'PI SPOT-WITH PAR', 'AS-RESIDUE-E', 'LIGHT METAL']","['CF', 'TFT']"
CF DEFECT@NP@CF@CF_B4VW1YC-1-3.jpg,CF,CF,NP,NP,CF DEFECT,CF DEFECT,"['NP', 'UP', 'INT', 'OP']","['CF DEFECT', 'ITO-RESIDUE-T', 'CF PS DEFORMATION', 'PI SPOT-WITH PAR', 'LIGHT METAL']","['CF', 'TFT']"
GLASS BROKEN@INT@TFT@Cell_B54B2BR-1-3.jpg,TFT,TFT,INT,INT,GLASS BROKEN,GLASS BROKEN,"['INT', 'NP', 'UP', 'OP']","['GLASS BROKEN', 'ESD', 'LIGHT METAL', 'PI SPOT-WITH PAR', 'CF DEFECT']","['TFT', 'CF']"
PI SPOT-WITH PAR@UP@TFT@Cell_B5DQ4US-1-3.jpg,TFT,TFT,UP,UP,PI SPOT-WITH PAR,PI SPOT-WITH PAR,"['UP', 'OP', 'INT', 'NP']","['PI SPOT-WITH PAR', 'ITO-RESIDUE-T', 'CF PS DEFORMATION', 'M1-ABNORMAL', 'GLASS BROKEN']","['TFT', 'CF']"
POLYMER@OP@TFT@Cell_B59124M-1-3.jpg,TFT,TFT,OP,UP,POLYMER,PI SPOT-WITH PAR,"['UP', 'OP', 'NP', 'INT']","['PI SPOT-WITH PAR', 'POLYMER', 'ITO-RESIDUE-T', 'CF DEFECT', 'CF PS DEFORMATION']","['TFT', 'CF']"
POLYMER@OP@CF@Cell_B58P24D-1-3.jpg,CF,CF,OP,OP,POLYMER,POLYMER,"['OP', 'NP', 'INT', 'UP']","['POLYMER', 'CF DEFECT', 'CF REPAIR FAIL', 'PI SPOT-WITH PAR', 'M1-ABNORMAL']","['CF', 'TFT']"
FIBER@OP@CF@Cell_B56Z1SC-1-3.jpg,CF,CF,OP,OP,FIBER,FIBER,"['OP', 'INT', 'UP', 'NP']","['FIBER', 'PV-HOLE-T', 'GLASS BROKEN', 'PI SPOT-WITH PAR', 'ESD']","['CF', 'TFT']"
POLYMER@OP@TFT@Cell_B57D7SJ-1-3.jpg,TFT,TFT,OP,OP,POLYMER,POLYMER,"['OP', 'UP', 'INT', 'NP']","['POLYMER', 'CF PS DEFORMATION', 'FIBER', 'CF REPAIR FAIL', 'CF DEFECT']","['TFT', 'CF']"
POLYMER@OP@TFT@Cell_B5DD9JA-1-3.jpg,TFT,TFT,OP,OP,POLYMER,POLYMER,"['OP', 'INT', 'UP', 'NP']","['POLYMER', 'FIBER', 'CF PS DEFORMATION', 'GLASS BROKEN', 'AS-RESIDUE-E']","['TFT', 'CF']"
CF REPAIR FAIL@NP@CF@CF_B5B00TD-1-3.jpg,CF,CF,NP,NP,CF REPAIR FAIL,CF REPAIR FAIL,"['NP', 'INT', 'OP', 'UP']","['CF REPAIR FAIL', 'AS-RESIDUE-E', 'CF PS DEFORMATION', 'FIBER', 'GLASS BROKEN']","['CF', 'TFT']"
PV-HOLE-T@NP@TFT@Array_H5B86HJ-1-3.jpg,TFT,TFT,NP,NP,PV-HOLE-T,PV-HOLE-T,"['NP', 'UP', 'OP', 'INT']","['PV-HOLE-T', 'ITO-RESIDUE-T', 'CF DEFECT', 'POLYMER', 'ESD']","['TFT', 'CF']"
GLASS CULLET@OP@CF@Cell_B54T6JC-1-3.jpg,CF,CF,OP,OP,GLASS CULLET,POLYMER,"['OP', 'UP', 'INT', 'NP']","['POLYMER', 'GLASS CULLET', 'AS-RESIDUE-E', 'ESD', 'ITO-RESIDUE-T']","['CF', 'TFT']"
POLYMER@OP@CF@Cell_B4VL8PF-1-3.jpg,CF,CF,OP,OP,POLYMER,POLYMER,"['OP', 'NP', 'INT', 'UP']","['POLYMER', 'CF DEFECT', 'M1-ABNORMAL', 'CF PS DEFORMATION', 'PV-HOLE-T']","['CF', 'TFT']"
CF DEFECT@NP@CF@CF_B4VE4QA-1-3.jpg,CF,CF,NP,NP,CF DEFECT,CF DEFECT,"['NP', 'OP', 'INT', 'UP']","['CF DEFECT', 'CF REPAIR FAIL', 'PV-HOLE-T', 'ITO-RESIDUE-T', 'PI SPOT-WITH PAR']","['CF', 'TFT']"
PI SPOT-WITH PAR@UP@CF@Cell_B4UZ44T-1-3.jpg,CF,CF,UP,UP,PI SPOT-WITH PAR,PI SPOT-WITH PAR,"['UP', 'NP', 'OP', 'INT']","['PI SPOT-WITH PAR', 'CF DEFECT', 'LIGHT METAL', 'CF PS DEFORMATION', 'CF REPAIR FAIL']","['CF', 'TFT']"
FIBER@UP@TFT@Cell_B4TY1CB-1-3.jpg,TFT,TFT,UP,UP,FIBER,FIBER,"['UP', 'OP', 'NP', 'INT']","['FIBER', 'POLYMER', 'PI SPOT-WITH PAR', 'M1-ABNORMAL', 'PV-HOLE-T']","['TFT', 'CF']"
GLASS BROKEN@INT@TFT@Cell_B5DS4Z1-1-3.jpg,TFT,TFT,INT,INT,GLASS BROKEN,GLASS BROKEN,"['INT', 'UP', 'NP', 'OP']","['GLASS BROKEN', 'ESD', 'PI SPOT-WITH PAR', 'ITO-RESIDUE-T', 'LIGHT METAL']","['TFT', 'CF']"
GLASS BROKEN@INT@TFT@Cell_B4K244U-1-3.jpg,TFT,TFT,INT,INT,GLASS BROKEN,GLASS BROKEN,"['INT', 'NP', 'UP', 'OP']","['GLASS BROKEN', 'FIBER', 'PV-HOLE-T', 'ITO-RESIDUE-T', 'CF DEFECT']","['TFT', 'CF']"
POLYMER@OP@TFT@Cell_CG3B51K4H0MD-1-3.jpg,TFT,TFT,OP,OP,POLYMER,POLYMER,"['OP', 'UP', 'INT', 'NP']","['POLYMER', 'PI SPOT-WITH PAR', 'FIBER', 'LIGHT METAL', 'AS-RESIDUE-E']","['TFT', 'CF']"
POLYMER@OP@TFT@Cell_B4U61AB-1-3.jpg,TFT,TFT,OP,OP,POLYMER,POLYMER,"['OP', 'UP', 'NP', 'INT']","['POLYMER', 'PI SPOT-WITH PAR', 'CF DEFECT', 'CF PS DEFORMATION', 'FIBER']","['TFT', 'CF']"
FIBER@UP@TFT@Cell_BASZ6LD-1-3.jpg,TFT,TFT,UP,UP,FIBER,FIBER,"['UP', 'NP', 'OP', 'INT']","['FIBER', 'ITO-RESIDUE-T', 'CF REPAIR FAIL', 'GLASS BROKEN', 'AS-RESIDUE-E']","['TFT', 'CF']"
CF DEFECT@NP@CF@CF_B4TW6SD-1-3.jpg,CF,CF,NP,NP,CF DEFECT,CF DEFECT,"['NP', 'UP', 'INT', 'OP']","['CF DEFECT', 'PI SPOT-WITH PAR', 'ITO-RESIDUE-T', 'ESD', 'LIGHT METAL']","['CF', 'TFT']"
CF REPAIR FAIL@NP@CF@CF_B61V7XR-1-3.jpg,CF,CF,NP,NP,CF REPAIR FAIL,CF REPAIR FAIL,"['NP', 'OP', 'INT', 'UP']","['CF REPAIR FAIL', 'PV-HOLE-T', 'M1-ABNORMAL', 'CF PS DEFORMATION', 'ITO-RESIDUE-T']","['CF', 'TFT']"
PV-HOLE-T@NP@TFT@Array_B62X9UB-2-3.jpg,TFT,TFT,NP,NP,PV-HOLE-T,PV-HOLE-T,"['NP', 'UP', 'INT', 'OP']","['PV-HOLE-T', 'AS-RESIDUE-E', 'ITO-RESIDUE-T', 'M1-ABNORMAL', 'PI SPOT-WITH PAR']","['TFT', 'CF']"
ITO-RESIDUE-T@NP@TFT@Array_B5AN1DE-1-3.jpg,TFT,TFT,NP,NP,ITO-RESIDUE-T,ITO-RESIDUE-T,"['NP', 'OP', 'INT', 'UP']","['ITO-RESIDUE-T', 'M1-ABNORMAL', 'AS-RESIDUE-E', 'POLYMER', 'CF PS DEFORMATION']","['TFT', 'CF']"
CF PS DEFORMATION@NP@CF@CF_B4WZ62E-1-3.jpg,CF,CF,NP,NP,CF PS DEFORMATION,CF PS DEFORMATION,"['NP', 'OP', 'UP', 'INT']","['CF PS DEFORMATION', 'CF DEFECT', 'FIBER', 'GLASS CULLET', 'ITO-RESIDUE-T']","['CF', 'TFT']"
GLASS CULLET@OP@CF@Cell_B4S594C-1-3.jpg,CF,CF,OP,OP,GLASS CULLET,GLASS CULLET,"['OP', 'NP', 'INT', 'UP']","['GLASS CULLET', 'CF DEFECT', 'CF REPAIR FAIL', 'ESD', 'PI SPOT-WITH PAR']","['CF', 'TFT']"
POLYMER@OP@CF@Cell_B61F8LB-1-3.jpg,CF,CF,OP,OP,POLYMER,POLYMER,"['OP', 'NP', 'INT', 'UP']","['POLYMER', 'CF DEFECT', 'FIBER', 'M1-ABNORMAL', 'ESD']","['CF', 'TFT']"
PV-HOLE-T@NP@TFT@Array_B5CV41A-1-3.jpg,TFT,TFT,NP,NP,PV-HOLE-T,ITO-RESIDUE-T,"['NP', 'UP', 'INT', 'OP']","['ITO-RESIDUE-T', 'PV-HOLE-T', 'AS-RESIDUE-E', 'M1-ABNORMAL', 'PI SPOT-WITH PAR']","['TFT', 'CF']"
GLASS BROKEN@INT@TFT@Cell_B39A8DF-1-4.jpg,TFT,TFT,INT,INT,GLASS BROKEN,GLASS BROKEN,"['INT', 'UP', 'NP', 'OP']","['GLASS BROKEN', 'ESD', 'PI SPOT-WITH PAR', 'POLYMER', 'CF PS DEFORMATION']","['TFT', 'CF']"
CF PS DEFORMATION@NP@CF@CF_B4WV5FT-2-3.jpg,CF,CF,NP,NP,CF PS DEFORMATION,CF DEFECT,"['NP', 'OP', 'UP', 'INT']","['CF DEFECT', 'CF PS DEFORMATION', 'POLYMER', 'ESD', 'AS-RESIDUE-E']","['CF', 'TFT']"
AS-RESIDUE-E@NP@TFT@Array_B5BJ8UC-1-4.jpg,TFT,TFT,NP,NP,AS-RESIDUE-E,AS-RESIDUE-E,"['NP', 'OP', 'UP', 'INT']","['AS-RESIDUE-E', 'M1-ABNORMAL', 'POLYMER', 'PV-HOLE-T', 'GLASS BROKEN']","['TFT', 'CF']"
ESD@INT@TFT@Cell_B27Q5N1-1-1.jpg,TFT,TFT,INT,INT,ESD,ESD,"['INT', 'NP', 'OP', 'UP']","['ESD', 'GLASS BROKEN', 'GLASS CULLET', 'CF REPAIR FAIL', 'AS-RESIDUE-E']","['TFT', 'CF']"
CF DEFECT@NP@CF@CF_B4VK9BC-1-3.jpg,CF,CF,NP,NP,CF DEFECT,CF DEFECT,"['NP', 'UP', 'INT', 'OP']","['CF DEFECT', 'PI SPOT-WITH PAR', 'ITO-RESIDUE-T', 'CF REPAIR FAIL', 'ESD']","['CF', 'TFT']"
LIGHT METAL@UP@CF@Cell_B2106BT-1-3.jpg,CF,CF,UP,UP,LIGHT METAL,LIGHT METAL,"['UP', 'INT', 'NP', 'OP']","['LIGHT METAL', 'POLYMER', 'PI SPOT-WITH PAR', 'FIBER', 'PV-HOLE-T']","['CF', 'TFT']"
PI SPOT-WITH PAR@UP@TFT@Cell_B5BK1FN-1-3.jpg,TFT,TFT,UP,UP,PI SPOT-WITH PAR,PI SPOT-WITH PAR,"['UP', 'NP', 'INT', 'OP']","['PI SPOT-WITH PAR', 'PV-HOLE-T', 'POLYMER', 'CF DEFECT', 'CF PS DEFORMATION']","['TFT', 'CF']"
ESD@INT@TFT@Cell_B5CW9NB-1-4.jpg,TFT,TFT,INT,INT,ESD,ESD,"['INT', 'NP', 'OP', 'UP']","['ESD', 'M1-ABNORMAL', 'FIBER', 'GLASS CULLET', 'CF REPAIR FAIL']","['TFT', 'CF']"
PV-HOLE-T@NP@TFT@Array_B4VV2QA-1-3.jpg,TFT,TFT,NP,NP,PV-HOLE-T,PV-HOLE-T,"['NP', 'OP', 'UP', 'INT']","['PV-HOLE-T', 'POLYMER', 'PI SPOT-WITH PAR', 'AS-RESIDUE-E', 'CF PS DEFORMATION']","['TFT', 'CF']"
CF PS DEFORMATION@NP@CF@CF_B4VV8BB-1-3.jpg,CF,CF,NP,NP,CF PS DEFORMATION,CF PS DEFORMATION,"['NP', 'OP', 'UP', 'INT']","['CF PS DEFORMATION', 'PV-HOLE-T', 'ITO-RESIDUE-T', 'AS-RESIDUE-E', 'LIGHT METAL']","['CF', 'TFT']"
M1-ABNORMAL@NP@TFT@Array_B59271B-1-3.jpg,TFT,TFT,NP,NP,M1-ABNORMAL,M1-ABNORMAL,"['NP', 'OP', 'UP', 'INT']","['M1-ABNORMAL', 'ITO-RESIDUE-T', 'PV-HOLE-T', 'AS-RESIDUE-E', 'PI SPOT-WITH PAR']","['TFT', 'CF']"
GLASS BROKEN@INT@TFT@Cell_B5870GF-1-3.jpg,TFT,TFT,INT,INT,GLASS BROKEN,GLASS BROKEN,"['INT', 'UP', 'NP', 'OP']","['GLASS BROKEN', 'ESD', 'LIGHT METAL', 'PI SPOT-WITH PAR', 'ITO-RESIDUE-T']","['TFT', 'CF']"
PI SPOT-WITH PAR@UP@TFT@Cell_B5DF22R-1-3.jpg,TFT,TFT,UP,UP,PI SPOT-WITH PAR,POLYMER,"['UP', 'OP', 'NP', 'INT']","['POLYMER', 'PI SPOT-WITH PAR', 'LIGHT METAL', 'FIBER', 'ESD']","['TFT', 'CF']"
GLASS BROKEN@INT@TFT@Cell_G73B2805F0BC-1-3.jpg,TFT,TFT,INT,INT,GLASS BROKEN,GLASS BROKEN,"['INT', 'UP', 'NP', 'OP']","['GLASS BROKEN', 'ESD', 'PI SPOT-WITH PAR', 'CF DEFECT', 'AS-RESIDUE-E']","['TFT', 'CF']"
POLYMER@OP@TFT@Cell_B4VV5MC-1-3.jpg,TFT,TFT,OP,OP,POLYMER,POLYMER,"['OP', 'INT', 'NP', 'UP']","['POLYMER', 'FIBER', 'CF PS DEFORMATION', 'CF REPAIR FAIL', 'ITO-RESIDUE-T']","['TFT', 'CF']"
GLASS BROKEN@INT@TFT@Cell_B50J7RT-1-3.jpg,TFT,TFT,INT,INT,GLASS BROKEN,GLASS BROKEN,"['INT', 'UP', 'NP', 'OP']","['GLASS BROKEN', 'ESD', 'CF DEFECT', 'ITO-RESIDUE-T', 'LIGHT METAL']","['TFT', 'CF']"
GLASS CULLET@OP@CF@Cell_B5636UH-1-3.jpg,CF,CF,OP,OP,GLASS CULLET,POLYMER,"['OP', 'NP', 'UP', 'INT']","['POLYMER', 'GLASS CULLET', 'CF REPAIR FAIL', 'PI SPOT-WITH PAR', 'M1-ABNORMAL']","['CF', 'TFT']"
FIBER@OP@CF@Cell_B5CF1TN-1-3.jpg,CF,CF,OP,OP,FIBER,FIBER,"['OP', 'INT', 'UP', 'NP']","['FIBER', 'PV-HOLE-T', 'ESD', 'GLASS BROKEN', 'LIGHT METAL']","['CF', 'TFT']"
LIGHT METAL@UP@CF@Cell_B33Z1LL-1-3.jpg,CF,CF,UP,UP,LIGHT METAL,LIGHT METAL,"['UP', 'OP', 'NP', 'INT']","['LIGHT METAL', 'POLYMER', 'CF DEFECT', 'GLASS CULLET', 'PI SPOT-WITH PAR']","['CF', 'TFT']"
ESD@INT@TFT@Cell_B33W8ME-1-1.jpg,TFT,TFT,INT,INT,ESD,ESD,"['INT', 'UP', 'NP', 'OP']","['ESD', 'PV-HOLE-T', 'CF PS DEFORMATION', 'POLYMER', 'ITO-RESIDUE-T']","['TFT', 'CF']"
AS-RESIDUE-E@NP@TFT@Array_B5AZ5WL-1-5.jpg,TFT,TFT,NP,NP,AS-RESIDUE-E,AS-RESIDUE-E,"['NP', 'INT', 'UP', 'OP']","['AS-RESIDUE-E', 'M1-ABNORMAL', 'PV-HOLE-T', 'GLASS BROKEN', 'CF DEFECT']","['TFT', 'CF']"
M1-ABNORMAL@NP@TFT@Array_B5AY4JT-1-3.jpg,TFT,TFT,NP,NP,M1-ABNORMAL,M1-ABNORMAL,"['NP', 'OP', 'INT', 'UP']","['M1-ABNORMAL', 'ITO-RESIDUE-T', 'PV-HOLE-T', 'CF PS DEFORMATION', 'AS-RESIDUE-E']","['TFT', 'CF']"
PV-HOLE-T@NP@TFT@Array_B57U0NT-1-3.jpg,TFT,TFT,NP,NP,PV-HOLE-T,PV-HOLE-T,"['NP', 'INT', 'OP', 'UP']","['PV-HOLE-T', 'ITO-RESIDUE-T', 'POLYMER', 'GLASS BROKEN', 'LIGHT METAL']","['TFT', 'CF']"
FIBER@OP@CF@Cell_B5632QJ-1-3.jpg,CF,CF,OP,OP,FIBER,FIBER,"['OP', 'INT', 'NP', 'UP']","['FIBER', 'PV-HOLE-T', 'CF DEFECT', 'LIGHT METAL', 'GLASS BROKEN']","['CF', 'TFT']"
PV-HOLE-T@NP@TFT@Array_B4VL4HD-1-3.jpg,TFT,TFT,NP,UP,PV-HOLE-T,FIBER,"['UP', 'NP', 'INT', 'OP']","['FIBER', 'PI SPOT-WITH PAR', 'POLYMER', 'CF DEFECT', 'PV-HOLE-T']","['TFT', 'CF']"
PV-HOLE-T@NP@TFT@Array_B61F7BJ-1-3.jpg,TFT,TFT,NP,NP,PV-HOLE-T,PV-HOLE-T,"['NP', 'UP', 'INT', 'OP']","['PV-HOLE-T', 'ESD', 'FIBER', 'CF DEFECT', 'POLYMER']","['TFT', 'CF']"
ITO-RESIDUE-T@NP@TFT@Array_B38M9GC-1-3.jpg,TFT,TFT,NP,NP,ITO-RESIDUE-T,ITO-RESIDUE-T,"['NP', 'OP', 'INT', 'UP']","['ITO-RESIDUE-T', 'POLYMER', 'AS-RESIDUE-E', 'PV-HOLE-T', 'CF PS DEFORMATION']","['TFT', 'CF']"
PI SPOT-WITH PAR@UP@CF@Cell_B5578QP-1-3.jpg,CF,CF,UP,UP,PI SPOT-WITH PAR,PI SPOT-WITH PAR,"['UP', 'OP', 'INT', 'NP']","['PI SPOT-WITH PAR', 'CF DEFECT', 'GLASS BROKEN', 'CF PS DEFORMATION', 'LIGHT METAL']","['CF', 'TFT']"
FIBER@OP@CF@Cell_813B5286C0EE-1-3.jpg,CF,CF,OP,OP,FIBER,FIBER,"['OP', 'INT', 'UP', 'NP']","['FIBER', 'PV-HOLE-T', 'CF DEFECT', 'ESD', 'GLASS BROKEN']","['CF', 'TFT']"
PI SPOT-WITH PAR@UP@TFT@Cell_H5E52FC-1-3.jpg,TFT,TFT,UP,UP,PI SPOT-WITH PAR,PI SPOT-WITH PAR,"['UP', 'NP', 'OP', 'INT']","['PI SPOT-WITH PAR', 'AS-RESIDUE-E', 'CF PS DEFORMATION', 'PV-HOLE-T', 'FIBER']","['TFT', 'CF']"
PI SPOT-WITH PAR@UP@CF@Cell_B62W14J-1-5.jpg,CF,CF,UP,UP,PI SPOT-WITH PAR,PI SPOT-WITH PAR,"['UP', 'OP', 'INT', 'NP']","['PI SPOT-WITH PAR', 'FIBER', 'ESD', 'PV-HOLE-T', 'GLASS CULLET']","['CF', 'TFT']"
GLASS CULLET@OP@CF@Cell_B5CF1UT-1-3.jpg,CF,CF,OP,OP,GLASS CULLET,GLASS CULLET,"['OP', 'UP', 'INT', 'NP']","['GLASS CULLET', 'POLYMER', 'LIGHT METAL', 'PI SPOT-WITH PAR', 'CF PS DEFORMATION']","['CF', 'TFT']"
CF REPAIR FAIL@NP@CF@CF_B5AZ8DA-2-3.jpg,CF,CF,NP,NP,CF REPAIR FAIL,CF REPAIR FAIL,"['NP', 'INT', 'UP', 'OP']","['CF REPAIR FAIL', 'CF PS DEFORMATION', 'M1-ABNORMAL', 'ESD', 'PV-HOLE-T']","['CF', 'TFT']"
POLYMER@OP@CF@Cell_B5C89YB-1-3.jpg,CF,CF,OP,OP,POLYMER,POLYMER,"['OP', 'INT', 'NP', 'UP']","['POLYMER', 'FIBER', 'M1-ABNORMAL', 'ESD', 'CF PS DEFORMATION']","['CF', 'TFT']"
CF PS DEFORMATION@NP@CF@CF_B4VL6AA-1-3.jpg,CF,CF,NP,NP,CF PS DEFORMATION,CF PS DEFORMATION,"['NP', 'UP', 'OP', 'INT']","['CF PS DEFORMATION', 'FIBER', 'CF DEFECT', 'GLASS CULLET', 'LIGHT METAL']","['CF', 'TFT']"
CF DEFECT@NP@CF@CF_B58C02C-1-3.jpg,CF,CF,NP,NP,CF DEFECT,CF DEFECT,"['NP', 'UP', 'INT', 'OP']","['CF DEFECT', 'PI SPOT-WITH PAR', 'LIGHT METAL', 'CF REPAIR FAIL', 'ITO-RESIDUE-T']","['CF', 'TFT']"
FIBER@UP@TFT@Cell_BAVC81H-1-3.jpg,TFT,TFT,UP,UP,FIBER,FIBER,"['UP', 'OP', 'NP', 'INT']","['FIBER', 'POLYMER', 'ITO-RESIDUE-T', 'GLASS BROKEN', 'PV-HOLE-T']","['TFT', 'CF']"
POLYMER@OP@TFT@Cell_B55P0BD-2-3.jpg,TFT,TFT,OP,UP,POLYMER,PI SPOT-WITH PAR,"['UP', 'OP', 'NP', 'INT']","['PI SPOT-WITH PAR', 'POLYMER', 'M1-ABNORMAL', 'PV-HOLE-T', 'CF DEFECT']","['TFT', 'CF']"
PI SPOT-WITH PAR@UP@CF@Cell_B52E2VG-1-3.jpg,CF,CF,UP,UP,PI SPOT-WITH PAR,PI SPOT-WITH PAR,"['UP', 'NP', 'INT', 'OP']","['PI SPOT-WITH PAR', 'M1-ABNORMAL', 'LIGHT METAL', 'PV-HOLE-T', 'GLASS CULLET']","['CF', 'TFT']"
GLASS BROKEN@INT@TFT@Cell_B4RQ02L-1-3.jpg,TFT,TFT,INT,INT,GLASS BROKEN,GLASS BROKEN,"['INT', 'UP', 'NP', 'OP']","['GLASS BROKEN', 'ESD', 'LIGHT METAL', 'CF PS DEFORMATION', 'CF DEFECT']","['TFT', 'CF']"
AS-RESIDUE-E@NP@TFT@Array_B5867PQ-1-1.jpg,TFT,TFT,NP,NP,AS-RESIDUE-E,AS-RESIDUE-E,"['NP', 'OP', 'UP', 'INT']","['AS-RESIDUE-E', 'GLASS CULLET', 'LIGHT METAL', 'CF DEFECT', 'ESD']","['TFT', 'CF']"
GLASS BROKEN@INT@TFT@Cell_B50Y62M-1-4.jpg,TFT,TFT,INT,INT,GLASS BROKEN,GLASS BROKEN,"['INT', 'OP', 'NP', 'UP']","['GLASS BROKEN', 'ESD', 'FIBER', 'CF PS DEFORMATION', 'PV-HOLE-T']","['TFT', 'CF']"
ITO-RESIDUE-T@NP@TFT@Array_B4S79HE-1-3.jpg,TFT,TFT,NP,NP,ITO-RESIDUE-T,ITO-RESIDUE-T,"['NP', 'OP', 'INT', 'UP']","['ITO-RESIDUE-T', 'PV-HOLE-T', 'AS-RESIDUE-E', 'FIBER', 'M1-ABNORMAL']","['TFT', 'CF']"
GLASS CULLET@OP@CF@Cell_B4RR0TL-1-3.jpg,CF,CF,OP,OP,GLASS CULLET,GLASS CULLET,"['OP', 'UP', 'NP', 'INT']","['GLASS CULLET', 'POLYMER', 'CF DEFECT', 'FIBER', 'PI SPOT-WITH PAR']","['CF', 'TFT']"
GLASS BROKEN@INT@TFT@Cell_B54J2KF-1-3.jpg,TFT,TFT,INT,INT,GLASS BROKEN,GLASS BROKEN,"['INT', 'UP', 'NP', 'OP']","['GLASS BROKEN', 'ESD', 'LIGHT METAL', 'CF PS DEFORMATION', 'PI SPOT-WITH PAR']","['TFT', 'CF']"
GLASS BROKEN@INT@TFT@Cell_B4T91GP-1-3.jpg,TFT,TFT,INT,INT,GLASS BROKEN,GLASS BROKEN,"['INT', 'UP', 'NP', 'OP']","['GLASS BROKEN', 'ESD', 'CF DEFECT', 'FIBER', 'PI SPOT-WITH PAR']","['TFT', 'CF']"
AS-RESIDUE-E@NP@TFT@Array_B5DP2SB-1-4.jpg,TFT,TFT,NP,NP,AS-RESIDUE-E,AS-RESIDUE-E,"['NP', 'UP', 'INT', 'OP']","['AS-RESIDUE-E', 'FIBER', 'PV-HOLE-T', 'M1-ABNORMAL', 'ITO-RESIDUE-T']","['TFT', 'CF']"
CF PS DEFORMATION@NP@CF@CF_B4VE21B-2-3.jpg,CF,CF,NP,NP,CF PS DEFORMATION,CF PS DEFORMATION,"['NP', 'UP', 'OP', 'INT']","['CF PS DEFORMATION', 'FIBER', 'GLASS CULLET', 'ITO-RESIDUE-T', 'CF DEFECT']","['CF', 'TFT']"
ITO-RESIDUE-T@NP@TFT@Array_B55Q5DH-1-3.jpg,TFT,TFT,NP,NP,ITO-RESIDUE-T,ITO-RESIDUE-T,"['NP', 'INT', 'UP', 'OP']","['ITO-RESIDUE-T', 'M1-ABNORMAL', 'PV-HOLE-T', 'AS-RESIDUE-E', 'PI SPOT-WITH PAR']","['TFT', 'CF']"
PI SPOT-WITH PAR@UP@TFT@Cell_B5AY5GF-1-3.jpg,TFT,TFT,UP,UP,PI SPOT-WITH PAR,PI SPOT-WITH PAR,"['UP', 'OP', 'NP', 'INT']","['PI SPOT-WITH PAR', 'GLASS BROKEN', 'ITO-RESIDUE-T', 'CF PS DEFORMATION', 'FIBER']","['TFT', 'CF']"
FIBER@UP@TFT@Cell_B4LP8XG-1-3.jpg,TFT,TFT,UP,UP,FIBER,FIBER,"['UP', 'OP', 'INT', 'NP']","['FIBER', 'CF PS DEFORMATION', 'M1-ABNORMAL', 'ESD', 'LIGHT METAL']","['TFT', 'CF']"
ITO-RESIDUE-T@NP@TFT@Array_B59S53C-1-3.jpg,TFT,TFT,NP,NP,ITO-RESIDUE-T,ITO-RESIDUE-T,"['NP', 'OP', 'INT', 'UP']","['ITO-RESIDUE-T', 'PV-HOLE-T', 'M1-ABNORMAL', 'CF DEFECT', 'AS-RESIDUE-E']","['TFT', 'CF']"
POLYMER@OP@TFT@Cell_B5CV1FP-1-3.jpg,TFT,TFT,OP,OP,POLYMER,POLYMER,"['OP', 'INT', 'UP', 'NP']","['POLYMER', 'FIBER', 'GLASS BROKEN', 'CF PS DEFORMATION', 'AS-RESIDUE-E']","['TFT', 'CF']"
PI SPOT-WITH PAR@UP@TFT@Cell_B5AL63M-1-3.jpg,TFT,TFT,UP,UP,PI SPOT-WITH PAR,PI SPOT-WITH PAR,"['UP', 'OP', 'INT', 'NP']","['PI SPOT-WITH PAR', 'GLASS BROKEN', 'M1-ABNORMAL', 'CF REPAIR FAIL', 'LIGHT METAL']","['TFT', 'CF']"
AS-RESIDUE-E@NP@TFT@Array_B67F2UJ-1-4.jpg,TFT,TFT,NP,NP,AS-RESIDUE-E,AS-RESIDUE-E,"['NP', 'UP', 'INT', 'OP']","['AS-RESIDUE-E', 'CF DEFECT', 'ITO-RESIDUE-T', 'M1-ABNORMAL', 'FIBER']","['TFT', 'CF']"
PI SPOT-WITH PAR@UP@TFT@Cell_H5D72FJ-1-3.jpg,TFT,TFT,UP,UP,PI SPOT-WITH PAR,PI SPOT-WITH PAR,"['UP', 'OP', 'NP', 'INT']","['PI SPOT-WITH PAR', 'CF REPAIR FAIL', 'ITO-RESIDUE-T', 'AS-RESIDUE-E', 'CF PS DEFORMATION']","['TFT', 'CF']"
POLYMER@OP@CF@Cell_B5B774L-1-3.jpg,CF,CF,OP,OP,POLYMER,POLYMER,"['OP', 'INT', 'NP', 'UP']","['POLYMER', 'FIBER', 'M1-ABNORMAL', 'CF PS DEFORMATION', 'PI SPOT-WITH PAR']","['CF', 'TFT']"
CF REPAIR FAIL@NP@CF@CF_B36C6FR-1-3.jpg,CF,CF,NP,NP,CF REPAIR FAIL,CF REPAIR FAIL,"['NP', 'UP', 'INT', 'OP']","['CF REPAIR FAIL', 'ITO-RESIDUE-T', 'LIGHT METAL', 'GLASS BROKEN', 'AS-RESIDUE-E']","['CF', 'TFT']"
M1-ABNORMAL@NP@TFT@Array_B4S763A-1-3.jpg,TFT,TFT,NP,NP,M1-ABNORMAL,ITO-RESIDUE-T,"['NP', 'INT', 'UP', 'OP']","['ITO-RESIDUE-T', 'M1-ABNORMAL', 'AS-RESIDUE-E', 'PV-HOLE-T', 'ESD']","['TFT', 'CF']"
PI SPOT-WITH PAR@UP@TFT@Cell_B6197YQ-1-3.jpg,TFT,TFT,UP,UP,PI SPOT-WITH PAR,PI SPOT-WITH PAR,"['UP', 'INT', 'OP', 'NP']","['PI SPOT-WITH PAR', 'PV-HOLE-T', 'FIBER', 'ESD', 'GLASS BROKEN']","['TFT', 'CF']"
